id,date,sat,tile,cloud_cover,n_mask,f_nodata,f_water,f_ice,f_cloud,B01,B02,B03,B04,B05,B08,hue,fu,swatch,ndci
S2C_MSIL2A_20250302T190331_R013_T10UFV_20250302T225011,2025-03-02,2C,10UFV,51.9,5124,0.0,0.0,0.0,1.0,,,,,,,,,,
S2C_MSIL2A_20250305T191321_R056_T10UFU_20250305T224618,2025-03-05,2C,10UFU,42.3,5124,0.0,0.188,0.0,0.81,,,,,,,,,,
S2B_MSIL2A_20250307T190139_R013_T10UFU_20250307T225404,2025-03-07,2B,10UFU,49.2,5124,0.0,0.0,0.0,1.0,,,,,,,,,,
S2B_MSIL2A_20250310T191119_R056_T10UFU_20250310T212918,2025-03-10,2B,10UFU,66.1,5124,0.0,0.62,0.0,0.332,0.0754,0.0762,0.0689,0.0594,0.0604,0.068,161.08,6.0,#a49f97,0.0083
S2A_MSIL2A_20250314T190821_R013_T10UFV_20250314T222312,2025-03-14,2A,10UFV,20.8,5124,0.0,0.0,0.0,1.0,,,,,,,,,,
S2C_MSIL2A_20250325T191051_R056_T10UFU_20250326T001515,2025-03-25,2C,10UFU,52.6,5124,0.0,0.0,0.0,0.997,,,,,,,,,,
S2A_MSIL2A_20250327T191821_R056_T10UFV_20250327T223315,2025-03-27,2A,10UFV,35.9,5124,0.0,0.913,0.0,0.069,0.0478,0.0503,0.0566,0.0452,0.0383,0.0223,77.39,10.0,#a89f89,-0.0826
S2B_MSIL2A_20250330T190919_R056_T10UFV_20250330T225748,2025-03-30,2B,10UFV,55.5,5124,0.0,0.0,0.0,1.0,,,,,,,,,,
S2A_MSIL2A_20250403T190821_R013_T10UFU_20250404T013813,2025-04-03,2A,10UFU,50.1,5124,0.0,0.191,0.0,0.809,,,,,,,,,,
S2C_MSIL2A_20250404T190941_R056_T10UFV_20250405T002613,2025-04-04,2C,10UFV,1.0,5124,0.0,0.976,0.0,0.0,0.0204,0.0279,0.0372,0.016,0.009,0.0059,91.74,9.0,#9ca478,-0.28
S2B_MSIL2A_20250409T190919_R056_T10UFU_20250409T212850,2025-04-09,2B,10UFU,69.8,5124,0.0,0.076,0.0,0.924,,,,,,,,,,
S2C_MSIL2A_20250414T190931_R056_T10UFU_20250415T001314,2025-04-14,2C,10UFU,53.0,5124,0.0,0.0,0.0,0.996,,,,,,,,,,
S2A_MSIL2A_20250416T191831_R056_T10UFV_20250417T014615,2025-04-16,2A,10UFV,1.8,5124,0.0,0.981,0.0,0.012,0.0246,0.0241,0.023,0.0124,0.0082,0.0047,172.19,5.0,#97a39a,-0.2039
S2B_MSIL2A_20250419T190919_R056_T10UFV_20250419T213039,2025-04-19,2B,10UFV,26.0,5124,0.0,0.714,0.0,0.278,0.0602,0.0562,0.0462,0.0327,0.0284,0.0227,198.78,4.0,#9aa1a3,-0.0704
S2A_MSIL2A_20250423T190831_R013_T10UFU_20250424T030915,2025-04-23,2A,10UFU,4.4,5124,0.0,0.99,0.0,0.0,0.0186,0.0178,0.0165,0.0091,0.0055,0.001,179.25,5.0,#97a39c,-0.2466
S2C_MSIL2A_20250424T190941_R056_T10UFU_20250425T002415,2025-04-24,2C,10UFU,0.5,5124,0.0,0.984,0.0,0.0,0.0236,0.0232,0.0196,0.0109,0.008,0.0087,187.79,5.0,#93a3a0,-0.1534
S2B_MSIL2A_20250426T185919_R013_T10UFU_20250426T211922,2025-04-26,2B,10UFU,1.0,5124,0.0,0.995,0.0,0.0,0.0157,0.021,0.0142,0.007,0.0028,-0.002,179.06,5.0,#85a79e,-0.4286
S2B_MSIL2A_20250429T190919_R056_T10UFV_20250429T230406,2025-04-29,2B,10UFV,69.9,5124,0.0,0.643,0.0,0.346,0.1324,0.1219,0.1075,0.0944,0.0962,0.1049,194.58,4.0,#a49f9d,0.0094
S2C_MSIL2A_20250504T190931_R056_T10UFV_20250505T001512,2025-05-04,2C,10UFV,66.3,5124,0.0,0.235,0.0,0.76,,,,,,,,,,
S2B_MSIL2A_20250506T185919_R013_T10UFV_20250506T211802,2025-05-06,2B,10UFV,0.4,5124,0.0,0.993,0.0,0.0,0.0125,0.0198,0.0157,0.0036,-0.0004,-0.0053,161.43,6.0,#7caa91,-1.25
S2B_MSIL2A_20250509T190919_R056_T10UFU_20250509T230150,2025-05-09,2B,10UFU,65.3,5124,0.0,0.0,0.0,1.0,,,,,,,,,,
S2C_MSIL2A_20250511T185931_R013_T10UFV_20250511T223213,2025-05-11,2C,10UFV,64.6,5124,0.0,0.037,0.0,0.955,,,,,,,,,,
S2C_MSIL2A_20250521T185931_R013_T10UFU_20250521T213414,2025-05-21,2C,10UFU,54.5,5124,0.0,0.993,0.0,0.0,0.0286,0.0236,0.0192,0.0108,0.0057,-0.0017,209.65,4.0,#92a2ad,-0.3091
S2C_MSIL2A_20250524T190931_R056_T10UFU_20250526T081612,2025-05-24,2C,10UFU,4.8,5124,0.0,0.968,0.0,0.0,0.0163,0.0193,0.0176,0.0108,0.0079,0.0086,151.02,6.0,#99a392,-0.1551
S2B_MSIL2A_20250526T185919_R013_T10UFU_20250526T232409,2025-05-26,2B,10UFU,68.5,5124,0.0,0.0,0.0,1.0,,,,,,,,,,
S2C_MSIL2A_20250531T185941_R013_T10UFU_20250531T235912,2025-05-31,2C,10UFU,62.5,5124,0.0,0.0,0.0,0.997,,,,,,,,,,
S2A_MSIL2A_20250602T190831_R013_T10UFU_20250603T070115,2025-06-02,2A,10UFU,45.7,5124,0.0,0.164,0.0,0.83,,,,,,,,,,
S2C_MSIL2A_20250603T190931_R056_T10UFU_20250604T002012,2025-06-03,2C,10UFU,6.4,5124,0.0,0.949,0.0,0.0,0.0641,0.0658,0.0731,0.05,0.0464,0.0378,107.02,8.0,#a3a08c,-0.0373
S2B_MSIL2A_20250605T185919_R013_T10UFV_20250605T225110,2025-06-05,2B,10UFV,19.1,5124,0.0,0.98,0.0,0.0,0.0226,0.0338,0.0359,0.0115,0.0047,-0.0067,127.63,7.0,#8fa782,-0.4198
S2B_MSIL2A_20250608T190909_R056_T10UFV_20250608T212948,2025-06-08,2B,10UFV,0.0,5124,0.0,0.996,0.0,0.0,0.0205,0.0306,0.0347,0.0089,0.0054,0.0001,124.87,7.0,#8da780,-0.2448
S2C_MSIL2A_20250610T185941_R013_T10UFV_20250610T223016,2025-06-10,2C,10UFV,3.3,5124,0.0,0.993,0.0,0.0,0.0348,0.0428,0.0549,0.0246,0.0163,0.0028,99.05,8.0,#9ca47f,-0.2029
S2B_MSIL2A_20250615T185919_R013_T10UFU_20250615T211700,2025-06-15,2B,10UFU,0.5,5124,0.0,0.983,0.0,0.0,0.0392,0.057,0.0623,0.0245,0.0157,-0.0017,118.24,7.0,#94a681,-0.2189
S2C_MSIL2A_20250623T190931_R056_T10UFU_20250624T002615,2025-06-23,2C,10UFU,55.4,5124,0.0,0.965,0.0,0.0,0.0929,0.094,0.094,0.0713,0.0712,0.0601,134.38,6.0,#a3a092,-0.0007
S2C_MSIL2A_20250630T185941_R013_T10UFU_20250630T231258,2025-06-30,2C,10UFU,0.6,5124,0.0,0.971,0.0,0.0,0.028,0.0336,0.0335,0.0096,0.0049,0.0003,156.26,6.0,#8ba790,-0.3241
S2C_MSIL2A_20250703T190941_R056_T10UFU_20250704T071316,2025-07-03,2C,10UFU,25.1,5124,0.0,0.964,0.0,0.0,0.0774,0.0826,0.08645,0.0542,0.0511,0.0418,130.28,7.0,#9fa28f,-0.0294
S2B_MSIL2A_20250705T185919_R013_T10UFU_20250705T212336,2025-07-05,2B,10UFU,34.8,5124,0.0,0.972,0.0,0.0,0.0529,0.068,0.0671,0.0325,0.0263,0.0133,136.61,6.0,#95a48b,-0.1054
S2B_MSIL2A_20250708T190919_R056_T10UFU_20250708T223511,2025-07-08,2B,10UFU,0.0,5124,0.0,0.946,0.0,0.0,0.0644,0.0751,0.0753,0.0471,0.0456,0.0365,128.11,7.0,#9da28d,-0.0162
S2C_MSIL2A_20250710T185941_R013_T10UFU_20250710T224113,2025-07-10,2C,10UFU,55.7,5124,0.0,0.977,0.0,0.001,0.0753,0.0798,0.0753,0.0353,0.0275,0.0172,167.3,5.0,#93a497,-0.1242
S2A_MSIL2A_20250712T190831_R013_T10UFU_20250713T012915,2025-07-12,2A,10UFU,9.7,5124,0.0,0.973,0.0,0.0,0.0475,0.0555,0.0585,0.0209,0.0165,0.0074,146.01,6.0,#91a58d,-0.1176
S2C_MSIL2A_20250713T190941_R056_T10UFU_20250713T233812,2025-07-13,2C,10UFU,0.0,5124,0.0,0.946,0.0,0.0,0.0723,0.0815,0.0858,0.0481,0.0449,0.0355,129.85,7.0,#9ca38c,-0.0344
S2B_MSIL2A_20250715T185919_R013_T10UFU_20250715T212314,2025-07-15,2B,10UFU,0.1,5124,0.0,0.978,0.0,0.0,0.0481,0.0659,0.0662,0.0215,0.0156,0.0078,141.54,6.0,#8da789,-0.159
S2C_MSIL2A_20250720T185941_R013_T10UFU_20250720T222318,2025-07-20,2C,10UFU,47.1,5124,0.0,0.972,0.0,0.0,0.0503,0.0646,0.0684,0.0196,0.0112,0.0011,142.54,6.0,#8da78a,-0.2727
S2C_MSIL2A_20250723T190941_R056_T10UFU_20250723T235414,2025-07-23,2C,10UFU,16.4,5124,0.0,0.838,0.0,0.143,0.0696,0.0784,0.0832,0.0396,0.0356,0.0278,138.72,6.0,#98a48d,-0.0532
S2B_MSIL2A_20250725T185919_R013_T10UFU_20250725T212526,2025-07-25,2B,10UFU,56.5,5124,0.0,0.0,0.0,1.0,,,,,,,,,,
S2B_MSIL2A_20250728T190919_R056_T10UFU_20250728T213349,2025-07-28,2B,10UFU,0.1,5124,0.0,0.952,0.0,0.0,0.058,0.074,0.0787,0.035,0.03095,0.0219,127.52,7.0,#96a588,-0.0614
S2C_MSIL2A_20250730T185941_R013_T10UFU_20250731T002616,2025-07-30,2C,10UFU,10.6,5124,0.0,0.684,0.0,0.3,0.0413,0.0536,0.05515,0.0143,0.0078,0.0023,147.37,6.0,#8aa78b,-0.2941
S2C_MSIL2A_20250802T190931_R056_T10UFU_20250803T001213,2025-08-02,2C,10UFU,6.0,5124,0.0,0.984,0.0,0.0,0.0607,0.0712,0.0741,0.0347,0.0308,0.0241,138.43,6.0,#97a48c,-0.0595
S2B_MSIL2A_20250804T185919_R013_T10UFV_20250804T212327,2025-08-04,2B,10UFV,36.4,5124,0.0,0.795,0.0,0.187,0.0756,0.0902,0.085,0.0311,0.0247,0.0148,159.82,6.0,#8da693,-0.1147
S2B_MSIL2A_20250807T190919_R056_T10UFU_20250807T213354,2025-08-07,2B,10UFU,68.0,5124,0.0,0.364,0.0,0.618,,,,,,,,,,
S2C_MSIL2A_20250812T190931_R056_T10UFU_20250813T002416,2025-08-12,2C,10UFU,0.0,5124,0.0,0.996,0.0,0.0,0.035,0.0493,0.0538,0.0095,0.0041,0.0002,139.72,6.0,#87a885,-0.3971
S2B_MSIL2A_20250814T185919_R013_T10UFU_20250814T212013,2025-08-14,2B,10UFU,51.3,5124,0.0,0.808,0.0,0.164,0.0773,0.0976,0.0985,0.0425,0.0351,0.0265,139.51,6.0,#93a58b,-0.0954
S2B_MSIL2A_20250817T190919_R056_T10UFV_20250817T225950,2025-08-17,2B,10UFV,68.7,5124,0.0,0.728,0.0,0.265,0.0812,0.1012,0.1074,0.0397,0.0304,0.0182,137.97,6.0,#92a58a,-0.1327
S2C_MSIL2A_20250819T185941_R013_T10UFU_20250819T235715,2025-08-19,2C,10UFU,37.0,5124,0.0,0.0,0.0,1.0,,,,,,,,,,
S2A_MSIL2A_20250821T190831_R013_T10UFU_20250821T221312,2025-08-21,2A,10UFU,11.5,5124,0.0,0.0,0.0,0.991,,,,,,,,,,
S2C_MSIL2A_20250822T190931_R056_T10UFV_20250822T235612,2025-08-22,2C,10UFV,0.0,5124,0.0,0.996,0.0,0.0,0.0614,0.0865,0.1137,0.0378,0.0203,0.0042,102.62,8.0,#97a579,-0.3012
S2B_MSIL2A_20250824T185919_R013_T10UFV_20250824T224700,2025-08-24,2B,10UFV,0.6,5124,0.0,0.996,0.0,0.0,0.0593,0.0888,0.107,0.035,0.0202,0.0033,110.43,7.0,#93a67b,-0.2681
S2B_MSIL2A_20250827T190919_R056_T10UFU_20250827T213125,2025-08-27,2B,10UFU,30.3,5124,0.0,0.966,0.0,0.0,0.1085,0.1286,0.1405,0.0848,0.0847,0.0822,107.99,8.0,#9fa287,-0.0006
S2C_MSIL2A_20250829T185941_R013_T10UFV_20250830T001813,2025-08-29,2C,10UFV,15.3,5124,0.0,0.98,0.0,0.014,0.0579,0.0797,0.0987,0.0295,0.0165,0.0026,114.44,7.0,#93a67e,-0.2826
S2C_MSIL2A_20250901T190931_R056_T10UFU_20250902T000114,2025-09-01,2C,10UFU,3.4,5124,0.0,0.984,0.0,0.0,0.1109,0.1175,0.1207,0.0739,0.0693,0.0584,139.48,6.0,#9da290,-0.0321
S2A_MSIL2A_20250903T191831_R056_T10UFU_20250904T012912,2025-09-03,2A,10UFU,0.0,5124,0.0,0.995,0.0,0.0,0.0891,0.0988,0.105,0.0536,0.0468,0.0344,136.01,6.0,#9aa38d,-0.0677
S2A_MSIL2A_20250910T190821_R013_T10UFV_20250911T101214,2025-09-10,2A,10UFV,1.6,5124,0.0,0.988,0.0,0.0,0.0509,0.0663,0.0741,0.022,0.0147,0.0049,132.15,7.0,#8fa686,-0.1989
S2C_MSIL2A_20250911T191011_R056_T10UFV_20250911T223310,2025-09-11,2C,10UFV,16.7,5124,0.0,0.976,0.0,0.0,0.0608,0.0742,0.0787,0.0263,0.0195,0.0112,143.17,6.0,#90a68b,-0.1485
S2B_MSIL2A_20250913T185919_R013_T10UFU_20250913T225145,2025-09-13,2B,10UFU,0.0,5124,0.0,0.992,0.0,0.0,0.04,0.0634,0.0674,0.0162,0.0094,0.0022,130.54,7.0,#8aa881,-0.2656
S2B_MSIL2A_20250916T190929_R056_T10UFV_20250916T230157,2025-09-16,2B,10UFV,0.0,5124,0.0,0.989,0.0,0.0,0.0367,0.0581,0.0603,0.0185,0.0152,0.0126,127.99,7.0,#8da782,-0.0979
S2C_MSIL2A_20250918T190051_R013_T10UFV_20250919T001614,2025-09-18,2C,10UFV,6.5,5124,0.0,0.786,0.0,0.213,0.0366,0.0544,0.0612,0.0131,0.0057,0.0004,129.8,7.0,#8aa881,-0.3936
S2A_MSIL2A_20250923T191831_R056_T10UFV_20250923T220413,2025-09-23,2A,10UFV,0.0,5124,0.0,0.977,0.0,0.0,0.0521,0.0649,0.0677,0.0263,0.0224,0.0181,138.52,6.0,#92a58b,-0.0801
S2C_MSIL2A_20250928T190211_R013_T10UFU_20250928T223513,2025-09-28,2C,10UFU,24.4,5124,0.0,0.352,0.0,0.621,,,,,,,,,,
S2A_MSIL2A_20250930T190831_R013_T10UFU_20250930T220421,2025-09-30,2A,10UFU,35.6,5124,0.0,0.954,0.0,0.033,0.0521,0.0684,0.071,0.0164,0.0095,0.0015,146.44,6.0,#88a88a,-0.2664
S2C_MSIL2A_20251001T191231_R056_T10UFU_20251001T222714,2025-10-01,2C,10UFU,46.8,5124,0.0,0.8,0.0,0.187,0.0619,0.0792,0.079,0.0201,0.0121,0.0074,152.56,6.0,#88a78e,-0.2484
S2B_MSIL2A_20251003T190129_R013_T10UFV_20251003T225201,2025-10-03,2B,10UFV,33.2,5124,0.0,0.937,0.0,0.048,0.0487,0.0707,0.0655,0.0155,0.0085,0.0027,152.4,6.0,#84a98c,-0.2917
S2B_MSIL2A_20251006T191159_R056_T10UFV_20251006T212957,2025-10-06,2B,10UFV,1.0,5124,0.0,0.971,0.0,0.0,0.0309,0.0565,0.0582,0.0114,0.0049,-0.0003,129.89,7.0,#85a97e,-0.3988
S2C_MSIL2A_20251008T190321_R013_T10UFU_20251009T012314,2025-10-08,2C,10UFU,28.2,5124,0.0,0.777,0.0,0.203,0.0328,0.034,0.0311,0.0144,0.0121,0.0106,173.65,5.0,#92a49a,-0.0868
S2A_MSIL2A_20251013T191831_R056_T10UFU_20251013T222217,2025-10-13,2A,10UFU,8.6,5124,0.0,0.794,0.0,0.196,0.02265,0.0248,0.0212,0.0058,0.0028,0.0001,177.63,5.0,#83a79e,-0.3488
S2C_MSIL2A_20251021T191441_R056_T10UFV_20251021T215913,2025-10-21,2C,10UFV,54.7,5124,0.0,0.0,0.0,1.0,,,,,,,,,,
S2B_MSIL2A_20251102T190439_R013_T10UFV_20251102T210706,2025-11-02,2B,10UFV,58.9,5124,0.0,0.003,0.0,0.997,,,,,,,,,,
S2C_MSIL2A_20251107T190621_R013_T10UFU_20251107T215016,2025-11-07,2C,10UFU,57.7,5124,0.0,0.098,0.0,0.896,,,,,,,,,,
S2A_MSIL2A_20251109T190831_R013_T10UFV_20251109T232113,2025-11-09,2A,10UFV,39.7,5124,0.0,0.0,0.0,1.0,,,,,,,,,,
S2B_MSIL2A_20260302T190209_R013_T10UFU_20260303T001516,2026-03-02,2B,10UFU,35.8,5124,0.0,0.0,0.0,1.0,,,,,,,,,,
S2C_MSIL2A_20260310T191221_R056_T10UFU_20260310T223709,2026-03-10,2C,10UFU,59.5,5124,0.0,0.774,0.0,0.2,0.0385,0.0399,0.04,0.0161,0.011,0.008,164.3,5.0,#92a496,-0.1882
S2B_MSIL2A_20260322T185949_R013_T10UFU_20260323T001732,2026-03-22,2B,10UFU,35.2,5124,0.0,0.0,0.0,0.997,,,,,,,,,,
S2C_MSIL2A_20260327T190011_R013_T10UFU_20260327T232709,2026-03-27,2C,10UFU,27.7,5124,0.0,0.0,0.0,1.0,,,,,,,,,,
S2C_MSIL2A_20260330T191001_R056_T10UFU_20260331T003415,2026-03-30,2C,10UFU,21.3,5124,0.0,0.755,0.0,0.24,0.0471,0.0559,0.0665,0.0271,0.014,0.0039,118.87,7.0,#98a485,-0.3187
S2B_MSIL2A_20260404T190909_R056_T10UFV_20260404T231005,2026-04-04,2B,10UFV,41.8,5124,0.0,0.164,0.0,0.834,,,,,,,,,,
S2C_MSIL2A_20260406T185911_R013_T10UFU_20260407T003455,2026-04-06,2C,10UFU,29.6,5124,0.0,0.0,0.0,1.0,,,,,,,,,,
S2A_MSIL2A_20260408T190831_R013_T10UFV_20260409T013409,2026-04-08,2A,10UFV,0.0,5124,0.0,0.996,0.0,0.0,0.0174,0.0226,0.0275,0.0063,0.0003,-0.0056,127.1,7.0,#8ea782,-0.9091
S2C_MSIL2A_20260409T190911_R056_T10UFV_20260410T004409,2026-04-09,2C,10UFV,1.1,5124,0.0,0.319,0.0,0.676,,,,,,,,,,
S2C_MSIL2A_20260416T185921_R013_T10UFU_20260416T231921,2026-04-16,2C,10UFU,68.2,5124,0.0,0.0,0.0,1.0,,,,,,,,,,
S2B_MSIL2A_20260421T185909_R013_T10UFU_20260421T224756,2026-04-21,2B,10UFU,40.5,5124,0.0,0.0,0.0,1.0,,,,,,,,,,
S2B_MSIL2A_20260424T190909_R056_T10UFV_20260424T224353,2026-04-24,2B,10UFV,0.6,5124,0.0,0.97,0.0,0.024,0.0182,0.0237,0.02085,0.0101,0.0066,0.0043,154.83,6.0,#91a591,-0.2096
S2C_MSIL2A_20260426T185921_R013_T10UFU_20260427T001213,2026-04-26,2C,10UFU,14.5,5124,0.0,0.879,0.0,0.116,0.0099,0.011,0.0109,0.0022,-0.0023,-0.0058,166.16,5.0,#85a895,
S2C_MSIL2A_20260429T190911_R056_T10UFU_20260430T002711,2026-04-29,2C,10UFU,5.3,5124,0.0,0.993,0.0,0.0,0.0216,0.0209,0.0184,0.0071,0.0044,0.0024,185.82,5.0,#8ca5a1,-0.2348
S2B_MSIL2A_20260501T185909_R013_T10UFU_20260501T224450,2026-05-01,2B,10UFU,68.2,5124,0.0,0.0,0.0,1.0,,,,,,,,,,
S2B_MSIL2A_20260504T190909_R056_T10UFV_20260504T224440,2026-05-04,2B,10UFV,1.6,5124,0.0,0.996,0.0,0.0,0.0121,0.0176,0.0148,0.0043,0.0015,-0.0008,159.64,6.0,#83a891,-0.4828
S2C_MSIL2A_20260509T190911_R056_T10UFV_20260509T233615,2026-05-09,2C,10UFV,52.0,5124,0.0,0.0,0.0,1.0,,,,,,,,,,
S2B_MSIL2A_20260511T185909_R013_T10UFU_20260511T224809,2026-05-11,2B,10UFU,0.7,5124,0.0,0.96,0.0,0.035,0.016,0.027,0.0285,0.0089,0.0045,0.0007,121.84,7.0,#8ea77e,-0.3284
S2A_MSIL2A_20260518T190831_R013_T10UFU_20260519T014509,2026-05-18,2A,10UFU,45.0,5124,0.0,0.905,0.0,0.045,0.0352,0.0334,0.0354,0.0178,0.0125,-0.0001,161.04,6.0,#99a296,-0.1749
S2B_MSIL2A_20260521T185909_R013_T10UFV_20260521T224250,2026-05-21,2B,10UFV,60.7,5124,0.0,0.0,0.0,1.0,,,,,,,,,,
S2B_MSIL2A_20260524T190909_R056_T10UFV_20260524T223840,2026-05-24,2B,10UFV,17.8,5124,0.0,0.0,0.0,1.0,,,,,,,,,,
S2A_MSIL2A_20260531T191831_R056_T10UFU_20260601T032602,2026-05-31,2A,10UFU,4.1,5124,0.0,0.923,0.0,0.028,0.063,0.0642,0.0714,0.0484,0.0458,0.037,108.86,8.0,#a3a08d,-0.0276
S2B_MSIL2A_20260610T185919_R013_T10UFU_20260610T223009,2026-06-10,2B,10UFU,58.4,5124,0.0,0.206,0.0,0.774,,,,,,,,,,
S2B_MSIL2A_20260613T190909_R056_T10UFU_20260613T224131,2026-06-13,2B,10UFU,11.9,5124,0.0,0.973,0.0,0.0,0.0218,0.0281,0.0245,0.007,0.0044,0.0008,164.58,5.0,#85a894,-0.2281
S2C_MSIL2A_20260615T185921_R013_T10UFU_20260615T232913,2026-06-15,2C,10UFU,63.7,5124,0.0,0.0,0.0,1.0,,,,,,,,,,
S2C_MSIL2A_20260618T190911_R056_T10UFU_20260618T233309,2026-06-18,2C,10UFU,0.3,5124,0.0,0.992,0.0,0.0,0.0259,0.0332,0.0348,0.008,0.0037,0.0009,147.89,6.0,#89a88b,-0.3675
S2B_MSIL2A_20260620T185919_R013_T10UFU_20260620T224340,2026-06-20,2B,10UFU,4.4,5124,0.0,0.988,0.0,0.0,0.043,0.0549,0.0533,0.0265,0.0214,0.0123,139.2,6.0,#95a48c,-0.1065
S2B_MSIL2A_20260623T190909_R056_T10UFV_20260623T224010,2026-06-23,2B,10UFV,29.4,5124,0.0,0.988,0.0,0.001,0.0368,0.0499,0.0476,0.0161,0.0114,0.0043,148.56,6.0,#8ca78c,-0.1709
S2B_MSIL2A_20260630T185919_R013_T10UFU_20260630T224332,2026-06-30,2B,10UFU,44.1,5124,0.0,0.0,0.0,1.0,,,,,,,,,,
S2B_MSIL2A_20260703T190909_R056_T10UFU_20260703T223847,2026-07-03,2B,10UFU,48.3,5124,0.0,0.957,0.0,0.01,0.0744,0.0775,0.0741,0.0493,0.0475,0.0363,156.47,6.0,#9da195,-0.0186
S2C_MSIL2A_20260705T185921_R013_T10UFU_20260705T234709,2026-07-05,2C,10UFU,0.6,5124,0.0,0.994,0.0,0.0,0.0293,0.0353,0.0352,0.0089,0.0043,0.0003,157.47,6.0,#88a790,-0.3485
S2C_MSIL2A_20260708T190911_R056_T10UFV_20260708T234308,2026-07-08,2C,10UFV,27.9,5124,0.0,0.949,0.0,0.0,0.08,0.0836,0.0833,0.0556,0.0534,0.0483,143.75,6.0,#9fa192,-0.0202
S2B_MSIL2A_20260710T185919_R013_T10UFU_20260710T222951,2026-07-10,2B,10UFU,35.6,5124,0.0,0.0,0.0,1.0,,,,,,,,,,
S2B_MSIL2A_20260713T190909_R056_T10UFU_20260713T224130,2026-07-13,2B,10UFU,0.0,5124,0.0,0.98,0.0,0.0,0.0564,0.065,0.0654,0.037,0.0352,0.0281,137.13,6.0,#9aa38e,-0.0249
S2C_MSIL2A_20260715T185921_R013_T10UFU_20260715T233512,2026-07-15,2C,10UFU,0.5,5124,0.0,0.991,0.0,0.0,0.0335,0.0417,0.0425,0.0137,0.0085,0.0028,148.1,6.0,#8da68d,-0.2342
S2B_MSIL2A_20260723T190919_R056_T10UFV_20260723T223858,2026-07-23,2B,10UFV,26.8,5124,0.0,0.131,0.0,0.866,,,,,,,,,,
S2C_MSIL2A_20260725T185921_R013_T10UFU_20260725T233009,2026-07-25,2C,10UFU,67.1,5124,0.0,0.026,0.0,0.963,,,,,,,,,,
S2A_MSIL2A_20260727T190831_R013_T10UFU_20260728T013814,2026-07-27,2A,10UFU,61.9,5124,0.0,0.933,0.0,0.055,0.0578,0.0621,0.0638,0.0212,0.0164,0.0079,159.68,6.0,#8fa593,-0.1277
S2B_MSIL2A_20260730T185919_R013_T10UFU_20260730T224433,2026-07-30,2B,10UFU,2.8,5124,0.0,0.988,0.0,0.0,0.0411,0.0581,0.0611,0.021,0.0155,0.0073,130.8,7.0,#90a685,-0.1507
S2C_MSIL2A_20260804T185921_R013_T10UFV_20260804T233659,2026-08-04,2C,10UFV,0.7,5124,0.0,0.536,0.343,0.098,0.1711,0.1736,0.1674,0.1357,0.1373,0.135,139.44,6.0,#a4a094,0.0059
S2C_MSIL2A_20260807T190911_R056_T10UFU_20260807T234017,2026-08-07,2C,10UFU,0.0,5124,0.0,0.983,0.0,0.0,0.0519,0.0577,0.0589,0.031,0.0288,0.0245,143.59,6.0,#99a38f,-0.0368
S2A_MSIL2A_20260809T191831_R056_T10UFU_20260810T031901,2026-08-09,2A,10UFU,8.1,5124,0.0,0.024,0.0,0.946,,,,,,,,,,
S2B_MSIL2A_20260812T190909_R056_T10UFV_20260812T224020,2026-08-12,2B,10UFV,32.1,5124,0.0,0.0,0.0,1.0,,,,,,,,,,
S2C_MSIL2A_20260814T185911_R013_T10UFU_20260814T235011,2026-08-14,2C,10UFU,31.3,5124,0.0,0.974,0.0,0.0,0.1132,0.1087,0.101,0.0722,0.0722,0.0608,174.99,5.0,#9fa19a,0.0
S2A_MSIL2A_20260816T190831_R013_T10UFV_20260817T014208,2026-08-16,2A,10UFV,30.7,5124,0.0,0.096,0.0,0.889,,,,,,,,,,
S2C_MSIL2A_20260817T190911_R056_T10UFU_20260817T234122,2026-08-17,2C,10UFU,5.9,5124,0.0,0.967,0.0,0.0,0.1167,0.1143,0.1053,0.0734,0.0734,0.0694,173.67,5.0,#9ea19a,0.0
S2B_MSIL2A_20260819T185909_R013_T10UFV_20260819T224701,2026-08-19,2B,10UFV,17.3,5124,0.0,0.909,0.0,0.083,0.0298,0.046,0.0437,0.012,0.0073,-0.0006,143.31,6.0,#87a888,-0.2435
S2B_MSIL2A_20260822T190909_R056_T10UFV_20260822T224016,2026-08-22,2B,10UFV,58.4,5124,0.0,0.0,0.0,1.0,,,,,,,,,,
S2C_MSIL2A_20260824T185911_R013_T10UFV_20260824T231808,2026-08-24,2C,10UFV,0.0,5124,0.0,0.973,0.0,0.0,0.1435,0.1477,0.1427,0.1084,0.1062,0.0972,144.2,6.0,#a2a093,-0.0103
S2C_MSIL2A_20260827T190911_R056_T10UFV_20260827T233609,2026-08-27,2C,10UFV,53.1,5124,0.0,0.561,0.0,0.414,0.0642,0.0682,0.0655,0.0286,0.0232,0.01895,165.91,5.0,#92a496,-0.1042
S2B_MSIL2A_20260901T190909_R056_T10UFV_20260901T224018,2026-09-01,2B,10UFV,6.2,5124,0.0,0.002,0.0,0.996,,,,,,,,,,
S2A_MSIL2A_20260905T190831_R013_T10UFV_20260906T014112,2026-09-05,2A,10UFV,61.2,5124,0.0,0.831,0.0,0.153,0.0402,0.0431,0.0409,0.0124,0.0083,-0.0017,169.57,5.0,#8aa698,-0.1981
S2C_MSIL2A_20260906T190921_R056_T10UFU_20260906T234858,2026-09-06,2C,10UFU,8.6,5124,0.0,0.993,0.0,0.0,0.0345,0.0405,0.0391,0.0165,0.0137,0.0099,155.36,6.0,#91a591,-0.0927
S2B_MSIL2A_20260908T185919_R013_T10UFU_20260908T225123,2026-09-08,2B,10UFU,3.6,5124,0.0,0.989,0.0,0.0,0.0402,0.049,0.0443,0.0207,0.018,0.0144,158.42,6.0,#91a593,-0.0698
S2B_MSIL2A_20260911T190909_R056_T10UFV_20260911T212228,2026-09-11,2B,10UFV,12.5,5124,0.0,0.596,0.0,0.37,0.0538,0.0612,0.0577,0.0375,0.037,0.0384,145.69,6.0,#9ca291,-0.0067
S2C_MSIL2A_20260916T191031_R056_T10UFU_20260916T223713,2026-09-16,2C,10UFU,0.0,5124,0.0,0.988,0.0,0.0,0.0248,0.0294,0.0288,0.0138,0.0117,0.0091,147.86,6.0,#95a48f,-0.0824
S2B_MSIL2A_20260918T185949_R013_T10UFU_20260918T225546,2026-09-18,2B,10UFU,0.0,5124,0.0,0.974,0.0,0.0,0.0227,0.0307,0.025,0.011,0.0095,0.0083,162.88,6.0,#8ba694,-0.0732
S2C_MSIL2A_20260926T191141_R056_T10UFU_20260926T223308,2026-09-26,2C,10UFU,36.9,5124,0.0,0.936,0.0,0.044,0.024,0.0234,0.0177,0.0063,0.0034,0.0017,196.73,4.0,#83a6aa,-0.299
S2B_MSIL2A_20260928T190059_R013_T10UFU_20260928T225655,2026-09-28,2B,10UFU,6.1,5124,0.0,0.0,0.0,1.0,,,,,,,,,,
