id,date,sat,tile,cloud_cover,n_mask,f_nodata,f_water,f_ice,f_cloud,B01,B02,B03,B04,B05,B08,B11,aot,hue,fu,swatch,ndci
S2A_MSIL2A_20170318T184101_R070_T11SLB_20210208T233920,2017-03-18,2A,11SLB,55.7,952,0.0,0.0,0.0,1.0,,,,,,,,,,,,
S2A_MSIL2A_20170427T183921_R070_T11SLB_20210209T111100,2017-04-27,2A,11SLB,4.9,952,0.0,0.0,1.0,0.0,,,,,,,,,,,,
S2A_MSIL2A_20170517T183921_R070_T11SLB_20210209T161409,2017-05-17,2A,11SLB,16.0,952,0.0,0.0,1.0,0.0,,,,,,,,,,,,
S2A_MSIL2A_20170606T183921_R070_T11SLB_20210209T205830,2017-06-06,2A,11SLB,1.4,952,0.0,0.0,1.0,0.0,,,,,,,,,,,,
S2A_MSIL2A_20170626T183921_R070_T11SLB_20210210T015305,2017-06-26,2A,11SLB,2.5,952,0.0,0.639,0.357,0.0,0.7394,0.76715,0.7991,0.7955,0.7981,0.65335,0.0153,0.101,54.56,14.0,#ae9d8c,0.0017
S2B_MSIL2A_20170711T183919_R070_T11SLB_20210210T073720,2017-07-11,2B,11SLB,5.7,952,0.0,0.651,0.345,0.0,0.6492,0.70545,0.70555,0.6602,0.6464,0.49965,0.015,0.104,74.96,10.0,#aa9e8d,-0.0108
S2A_MSIL2A_20170716T183921_R070_T11SLB_20210210T095221,2017-07-16,2A,11SLB,37.6,952,0.0,0.665,0.318,0.011,0.516,0.5096,0.5159,0.4605,0.4454,0.3055,0.0228,0.121,96.94,8.0,#a99e91,-0.0176
S2B_MSIL2A_20170731T183919_R070_T11SLB_20210210T173620,2017-07-31,2B,11SLB,16.7,952,0.0,0.968,0.0,0.032,0.0009,0.0029,0.0024,0.0001,0.0001,0.0001,0.0064,0.077,,,,
S2B_MSIL2A_20170820T183919_R070_T11SLB_20201019T224257,2017-08-20,2B,11SLB,20.1,952,0.0,0.963,0.0,0.037,0.008,0.0094,0.0069,0.0002,0.0009,0.0003,0.007,0.077,,,,
S2A_MSIL2A_20170825T183921_R070_T11SLB_20210204T170642,2017-08-25,2A,11SLB,2.4,952,0.0,0.97,0.0,0.03,0.0136,0.0093,0.0105,0.0043,0.0054,0.0048,0.0092,0.07,,,#ac8aff,0.0
S2B_MSIL2A_20170909T184049_R070_T11SLB_20210201T225342,2017-09-09,2B,11SLB,26.3,952,0.0,0.712,0.0,0.282,0.0188,0.0186,0.0137,0.00835,0.0094,0.0067,0.0072,0.09,206.68,4.0,#67a9bc,0.3134
S2A_MSIL2A_20170914T184001_R070_T11SLB_20210202T022918,2017-09-14,2A,11SLB,12.4,952,0.0,0.812,0.0,0.147,0.015,0.0104,0.0086,0.0032,0.0046,0.0029,0.0077,0.073,233.11,1.0,#3c82ff,0.0
S2B_MSIL2A_20170929T184129_R070_T11SLB_20210202T114805,2017-09-29,2B,11SLB,2.3,952,0.0,0.993,0.0,0.007,0.0001,0.0001,0.0001,0.0001,0.0001,0.0001,0.0045,0.101,,,,
S2A_MSIL2A_20171004T184221_R070_T11SLB_20210202T134934,2017-10-04,2A,11SLB,9.2,952,0.001,0.998,0.0,0.001,0.0003,0.0001,0.0001,0.0001,0.0001,0.0001,0.0041,0.063,,,,
S2B_MSIL2A_20171019T184349_R070_T11SLB_20201015T010124,2017-10-19,2B,11SLB,0.5,952,0.0,0.996,0.0,0.004,0.0001,0.00155,0.00045,0.0001,0.0001,0.0001,0.0047,0.06,,,,
S2A_MSIL2A_20171024T184441_R070_T11SLB_20201015T015904,2017-10-24,2A,11SLB,0.7,952,0.0,0.997,0.0,0.003,0.0001,0.0001,0.0001,0.0001,0.0001,0.0001,0.0046,0.06,,,,
S2B_MSIL2A_20171108T184549_R070_T11SLB_20201014T190059,2017-11-08,2B,11SLB,56.8,952,0.0,0.935,0.0,0.065,0.0449,0.0537,0.05245,0.04845,0.05285,0.061,0.0535,0.087,,,,
S2A_MSIL2A_20171113T184631_R070_T11SLB_20201014T193654,2017-11-13,2A,11SLB,1.0,952,0.0,0.988,0.0,0.012,0.0001,0.0001,0.0012,0.0001,0.0001,0.0001,0.0055,0.053,,,,
S2B_MSIL2A_20171118T184639_R070_T11SLB_20201014T204858,2017-11-18,2B,11SLB,17.1,952,0.0,0.158,0.841,0.0,,,,,,,,,,,,
S2B_MSIL2A_20171128T184719_R070_T11SLB_20201014T224747,2017-11-28,2B,11SLB,2.9,952,0.0,0.0,1.0,0.0,,,,,,,,,,,,
S2B_MSIL2A_20180308T184209_R070_T11SLB_20201013T081503,2018-03-08,2B,11SLB,53.5,952,0.0,0.0,0.0,1.0,,,,,,,,,,,,
S2A_MSIL2A_20180313T184141_R070_T11SLB_20201013T082747,2018-03-13,2A,11SLB,50.0,952,0.0,0.0,0.0,1.0,,,,,,,,,,,,
S2B_MSIL2A_20180318T184059_R070_T11SLB_20201013T105747,2018-03-18,2B,11SLB,42.2,952,0.0,0.0,0.0,1.0,,,,,,,,,,,,
S2A_MSIL2A_20180323T184031_R070_T11SLB_20201013T130421,2018-03-23,2A,11SLB,36.0,952,0.0,0.0,0.0,1.0,,,,,,,,,,,,
S2B_MSIL2A_20180328T183949_R070_T11SLB_20201013T154935,2018-03-28,2B,11SLB,0.9,952,0.0,0.0,1.0,0.0,,,,,,,,,,,,
S2A_MSIL2A_20180402T183921_R070_T11SLB_20201012T172352,2018-04-02,2A,11SLB,62.0,952,0.0,0.0,1.0,0.0,,,,,,,,,,,,
S2A_MSIL2A_20180412T183931_R070_T11SLB_20201012T212427,2018-04-12,2A,11SLB,37.7,952,0.0,0.0,0.0,1.0,,,,,,,,,,,,
S2B_MSIL2A_20180417T183919_R070_T11SLB_20201012T233407,2018-04-17,2B,11SLB,34.0,952,0.0,0.0,0.0,1.0,,,,,,,,,,,,
S2A_MSIL2A_20180422T183921_R070_T11SLB_20201013T011711,2018-04-22,2A,11SLB,4.8,952,0.0,0.0,1.0,0.0,,,,,,,,,,,,
S2B_MSIL2A_20180427T183919_R070_T11SLB_20201013T033255,2018-04-27,2B,11SLB,5.4,952,0.0,0.002,0.998,0.0,,,,,,,,,,,,
S2A_MSIL2A_20180502T183921_R070_T11SLB_20201012T045915,2018-05-02,2A,11SLB,40.1,952,0.0,0.007,0.939,0.054,,,,,,,,,,,,
S2B_MSIL2A_20180507T183919_R070_T11SLB_20201012T070813,2018-05-07,2B,11SLB,1.2,952,0.0,0.0,1.0,0.0,,,,,,,,,,,,
S2A_MSIL2A_20180512T183921_R070_T11SLB_20201012T085903,2018-05-12,2A,11SLB,43.0,952,0.0,0.0,1.0,0.0,,,,,,,,,,,,
S2B_MSIL2A_20180517T183919_R070_T11SLB_20201012T110834,2018-05-17,2B,11SLB,4.0,952,0.0,0.0,1.0,0.0,,,,,,,,,,,,
S2A_MSIL2A_20180522T183921_R070_T11SLB_20201012T125728,2018-05-22,2A,11SLB,67.3,952,0.0,0.0,1.0,0.0,,,,,,,,,,,,
S2B_MSIL2A_20180527T183919_R070_T11SLB_20201012T145236,2018-05-27,2B,11SLB,66.1,952,0.0,0.001,0.0,0.999,,,,,,,,,,,,
S2A_MSIL2A_20180601T183931_R070_T11SLB_20201011T223603,2018-06-01,2A,11SLB,1.5,952,0.0,0.024,0.976,0.0,,,,,,,,,,,,
S2B_MSIL2A_20180606T183929_R070_T11SLB_20201026T174520,2018-06-06,2B,11SLB,7.3,952,0.0,0.601,0.397,0.002,0.1018,0.10535,0.10305,0.095,0.0899,0.0662,0.01175,0.101,96.95,8.0,#a89e91,-0.0316
S2A_MSIL2A_20180611T183921_R070_T11SLB_20201026T220005,2018-06-11,2A,11SLB,1.4,952,0.0,0.968,0.019,0.012,0.0001,0.0001,0.0001,0.0001,0.0001,0.0001,0.0043,0.09,,,,
S2B_MSIL2A_20180616T183929_R070_T11SLB_20201011T230003,2018-06-16,2B,11SLB,1.4,952,0.0,0.954,0.001,0.012,0.0019,0.0125,0.01595,0.0128,0.01395,0.0175,0.0227,0.073,,,,
S2A_MSIL2A_20180621T183921_R070_T11SLB_20201012T004210,2018-06-21,2A,11SLB,1.6,952,0.0,0.939,0.0,0.025,0.0169,0.0221,0.02515,0.0217,0.0227,0.0242,0.0282,0.084,,,,
S2B_MSIL2A_20180626T183919_R070_T11SLB_20201012T024945,2018-06-26,2B,11SLB,1.3,952,0.0,0.938,0.0,0.039,0.0233,0.0312,0.029,0.0226,0.0234,0.0231,0.0274,0.114,148.92,6.0,#2cb577,0.0
S2B_MSIL2A_20180706T183919_R070_T11SLB_20201011T124915,2018-07-06,2B,11SLB,1.8,952,0.0,0.952,0.0,0.022,0.02255,0.0301,0.02765,0.0217,0.0222,0.0217,0.0289,0.094,,,,
S2A_MSIL2A_20180711T183921_R070_T11SLB_20201011T143355,2018-07-11,2A,11SLB,25.1,952,0.0,0.961,0.0,0.032,0.0163,0.0132,0.0134,0.006,0.0089,0.0039,0.0168,0.176,,,,
S2B_MSIL2A_20180716T183929_R070_T11SLB_20201011T164004,2018-07-16,2B,11SLB,2.7,952,0.0,0.966,0.0,0.008,0.0261,0.0357,0.0314,0.0253,0.0271,0.0247,0.0304,0.107,167.29,5.0,#00bc91,0.0
S2A_MSIL2A_20180721T183921_R070_T11SLB_20201011T182057,2018-07-21,2A,11SLB,18.7,952,0.0,0.745,0.0,0.23,0.0498,0.0382,0.0328,0.0234,0.0254,0.0205,0.0219,0.134,223.7,2.0,#72a4d7,0.4
S2B_MSIL2A_20180726T184029_R070_T11SLB_20201011T202548,2018-07-26,2B,11SLB,28.3,952,0.0,0.0,0.0,1.0,,,,,,,,,,,,
S2A_MSIL2A_20180731T183921_R070_T11SLB_20201011T220636,2018-07-31,2A,11SLB,31.5,952,0.0,0.952,0.0,0.036,0.0382,0.0334,0.0276,0.01885,0.02095,0.0162,0.0202,0.15,217.65,3.0,#5aa8d3,0.7647
S2B_MSIL2A_20180805T184019_R070_T11SLB_20201010T214306,2018-08-05,2B,11SLB,0.9,952,0.0,0.999,0.0,0.001,0.0117,0.015,0.0121,0.0064,0.007,0.0061,0.012,0.087,179.79,5.0,#00c3af,0.0
S2A_MSIL2A_20180810T183921_R070_T11SLB_20201010T234857,2018-08-10,2A,11SLB,8.0,952,0.0,1.0,0.0,0.0,0.04595,0.0401,0.0361,0.0248,0.0262,0.02,0.0117,0.13,205.43,4.0,#94a2a9,0.0507
S2B_MSIL2A_20180815T184019_R070_T11SLB_20201011T021853,2018-08-15,2B,11SLB,20.2,952,0.0,0.98,0.0,0.016,0.0773,0.0747,0.0646,0.0482,0.0485,0.0398,0.019,0.09,195.22,4.0,#96a2a3,0.0051
S2A_MSIL2A_20180820T183921_R070_T11SLB_20201011T042804,2018-08-20,2A,11SLB,4.0,952,0.0,0.986,0.0,0.014,0.0114,0.0108,0.0119,0.0059,0.0067,0.0054,0.0108,0.07,,,,
S2B_MSIL2A_20180825T183909_R070_T11SLB_20201027T035127,2018-08-25,2B,11SLB,8.1,952,0.0,0.999,0.0,0.001,0.0102,0.0125,0.0099,0.0039,0.0052,0.0035,0.0079,0.067,182.75,5.0,#3ab1a8,0.0
S2A_MSIL2A_20180830T183921_R070_T11SLB_20201103T150709,2018-08-30,2A,11SLB,45.9,952,0.0,0.737,0.0,0.217,0.04405,0.0642,0.05715,0.0465,0.0481,0.07035,0.0467,0.08,133.18,6.0,#52b367,0.8667
S2B_MSIL2A_20180904T184019_R070_T11SLB_20201011T084307,2018-09-04,2B,11SLB,30.9,952,0.0,0.503,0.0,0.493,0.02,0.0216,0.0169,0.0098,0.0105,0.009,0.0121,0.073,199.33,4.0,#4cadba,0.0
S2A_MSIL2A_20180909T183921_R070_T11SLB_20201008T231614,2018-09-09,2A,11SLB,3.7,952,0.0,0.994,0.0,0.006,0.0017,0.0016,0.003,0.0001,0.0001,0.0001,0.0063,0.067,,,,
S2B_MSIL2A_20180914T183949_R070_T11SLB_20201009T012045,2018-09-14,2B,11SLB,11.8,952,0.0,0.809,0.0,0.116,0.0173,0.0182,0.01505,0.0098,0.01165,0.0106,0.01985,0.067,,,,
S2A_MSIL2A_20180919T184031_R070_T11SLB_20210614T060339,2018-09-19,2A,11SLB,8.2,952,0.0,0.976,0.0,0.024,0.009,0.0066,0.0059,0.0002,0.0001,0.0001,0.0057,0.073,235.54,1.0,#3961ff,0.0
S2B_MSIL2A_20180924T184109_R070_T11SLB_20201030T214435,2018-09-24,2B,11SLB,1.5,952,0.001,0.992,0.0,0.007,0.0001,0.0004,0.0001,0.0001,0.0001,0.0001,0.0045,0.073,,,,
S2A_MSIL2A_20180929T184141_R070_T11SLB_20201009T061236,2018-09-29,2A,11SLB,35.4,952,0.0,0.979,0.0,0.021,0.0052,0.0055,0.0065,0.0019,0.0036,0.0032,0.01005,0.067,,,,
S2B_MSIL2A_20181004T184219_R070_T11SLB_20201009T081218,2018-10-04,2B,11SLB,44.3,952,0.0,0.996,0.0,0.004,0.0086,0.007,0.0006,0.0001,0.0001,0.0001,0.0037,0.101,,,,
S2A_MSIL2A_20181009T184251_R070_T11SLB_20201009T094852,2018-10-09,2A,11SLB,3.8,952,0.0,0.999,0.0,0.001,0.0001,0.0001,0.0002,0.0001,0.0001,0.0001,0.0048,0.06,,,,
S2B_MSIL2A_20181014T184329_R070_T11SLB_20201009T113648,2018-10-14,2B,11SLB,9.7,952,0.0,0.994,0.0,0.006,0.0001,0.0015,0.0005,0.0001,0.0001,0.0001,0.0049,0.063,,,,
S2A_MSIL2A_20181019T184401_R070_T11SLB_20201009T130903,2018-10-19,2A,11SLB,0.9,952,0.0,0.998,0.0,0.002,0.0001,0.0001,0.00135,0.0001,0.0001,0.0001,0.0052,0.06,,,,
S2B_MSIL2A_20181024T184439_R070_T11SLB_20201009T150138,2018-10-24,2B,11SLB,0.7,952,0.0,0.993,0.0,0.007,0.0001,0.0009,0.0002,0.0001,0.0001,0.0001,0.0047,0.06,,,,
S2B_MSIL2A_20181103T184529_R070_T11SLB_20201008T153353,2018-11-03,2B,11SLB,22.1,952,0.0,0.0,0.0,1.0,,,,,,,,,,,,
S2A_MSIL2A_20181108T184601_R070_T11SLB_20201008T165451,2018-11-08,2A,11SLB,27.3,952,0.0,0.994,0.0,0.006,0.0001,0.0003,0.0023,0.0001,0.0001,0.0001,0.0051,0.06,,,,
S2A_MSIL2A_20181118T184641_R070_T11SLB_20201008T193838,2018-11-18,2A,11SLB,9.8,952,0.001,0.996,0.0,0.003,0.0001,0.0001,0.0006,0.0001,0.0001,0.0001,0.0043,0.06,,,,
S2B_MSIL2A_20181123T184709_R070_T11SLB_20201008T211147,2018-11-23,2B,11SLB,44.7,952,0.0,0.144,0.853,0.003,,,,,,,,,,,,
S2B_MSIL2A_20190303T184259_R070_T11SLB_20201030T121322,2019-03-03,2B,11SLB,14.7,952,0.0,0.0,0.77,0.223,,,,,,,,,,,,
S2A_MSIL2A_20190308T184211_R070_T11SLB_20201007T042822,2019-03-08,2A,11SLB,32.2,952,0.0,0.0,1.0,0.0,,,,,,,,,,,,
S2B_MSIL2A_20190313T184139_R070_T11SLB_20201007T062503,2019-03-13,2B,11SLB,49.8,952,0.0,0.0,0.0,1.0,,,,,,,,,,,,
S2A_MSIL2A_20190318T184101_R070_T11SLB_20201007T075304,2019-03-18,2A,11SLB,29.3,952,0.0,0.0,0.0,1.0,,,,,,,,,,,,
S2B_MSIL2A_20190323T184039_R070_T11SLB_20201007T095456,2019-03-23,2B,11SLB,65.7,952,0.0,0.0,1.0,0.0,,,,,,,,,,,,
S2A_MSIL2A_20190328T184031_R070_T11SLB_20201007T113807,2019-03-28,2A,11SLB,25.8,952,0.0,0.0,0.32,0.68,,,,,,,,,,,,
S2B_MSIL2A_20190402T183929_R070_T11SLB_20201006T213349,2019-04-02,2B,11SLB,56.6,952,0.0,0.0,0.0,1.0,,,,,,,,,,,,
S2A_MSIL2A_20190407T183921_R070_T11SLB_20201006T231631,2019-04-07,2A,11SLB,1.5,952,0.0,0.0,1.0,0.0,,,,,,,,,,,,
S2B_MSIL2A_20190412T183929_R070_T11SLB_20201007T012543,2019-04-12,2B,11SLB,32.4,952,0.0,0.0,1.0,0.0,,,,,,,,,,,,
S2A_MSIL2A_20190417T183921_R070_T11SLB_20201007T031232,2019-04-17,2A,11SLB,1.8,952,0.0,0.0,1.0,0.0,,,,,,,,,,,,
S2B_MSIL2A_20190422T183929_R070_T11SLB_20201105T153604,2019-04-22,2B,11SLB,6.8,952,0.0,0.0,1.0,0.0,,,,,,,,,,,,
S2A_MSIL2A_20190427T183921_R070_T11SLB_20201105T201108,2019-04-27,2A,11SLB,4.3,952,0.0,0.0,1.0,0.0,,,,,,,,,,,,
S2B_MSIL2A_20190502T183929_R070_T11SLB_20201006T092028,2019-05-02,2B,11SLB,2.7,952,0.0,0.0,1.0,0.0,,,,,,,,,,,,
S2A_MSIL2A_20190507T183921_R070_T11SLB_20201006T110902,2019-05-07,2A,11SLB,33.2,952,0.0,0.0,1.0,0.0,,,,,,,,,,,,
S2B_MSIL2A_20190512T183929_R070_T11SLB_20201006T132642,2019-05-12,2B,11SLB,5.5,952,0.0,0.0,1.0,0.0,,,,,,,,,,,,
S2A_MSIL2A_20190517T183921_R070_T11SLB_20201006T151755,2019-05-17,2A,11SLB,37.4,952,0.0,0.0,0.0,1.0,,,,,,,,,,,,
S2A_MSIL2A_20190527T183921_R070_T11SLB_20201006T185937,2019-05-27,2A,11SLB,63.6,952,0.0,0.0,0.061,0.939,,,,,,,,,,,,
S2B_MSIL2A_20190601T183929_R070_T11SLB_20201005T205820,2019-06-01,2B,11SLB,57.4,952,0.0,0.013,0.421,0.566,,,,,,,,,,,,
S2A_MSIL2A_20190606T183921_R070_T11SLB_20201005T224856,2019-06-06,2A,11SLB,43.5,952,0.0,0.142,0.32,0.538,,,,,,,,,,,,
S2B_MSIL2A_20190611T183929_R070_T11SLB_20201006T010431,2019-06-11,2B,11SLB,4.4,952,0.0,0.639,0.357,0.0,0.7642,0.8205,0.8416,0.833,0.83225,0.6985,0.0171,0.087,58.08,13.0,#ad9d8b,-0.0005
S2A_MSIL2A_20190616T183921_R070_T11SLB_20201006T025513,2019-06-16,2A,11SLB,48.5,952,0.0,0.639,0.357,0.0,0.7927,0.82195,0.8429,0.8382,0.8439,0.70075,0.0171,0.111,57.55,13.0,#ad9d8d,0.0035
S2B_MSIL2A_20190621T183929_R070_T11SLB_20201006T051041,2019-06-21,2B,11SLB,9.7,952,0.0,0.639,0.357,0.0,0.8209,0.8729,0.8818,0.8638,0.85445,0.71855,0.0175,0.121,63.41,12.0,#ac9e8d,-0.0056
S2A_MSIL2A_20190626T183921_R070_T11SLB_20201006T063654,2019-06-26,2A,11SLB,1.2,952,0.0,0.642,0.354,0.0,0.7557,0.7835,0.7981,0.7754,0.766,0.6286,0.015,0.087,64.19,12.0,#ac9e8d,-0.0062
S2B_MSIL2A_20190701T183929_R070_T11SLB_20201005T075934,2019-07-01,2B,11SLB,1.2,952,0.0,0.647,0.349,0.0,0.6996,0.7581,0.76505,0.7235,0.7112,0.56855,0.0173,0.08,70.4,11.0,#ab9e8c,-0.0088
S2A_MSIL2A_20190706T183921_R070_T11SLB_20201005T100708,2019-07-06,2A,11SLB,2.2,952,0.0,0.652,0.345,0.0,0.6112,0.6474,0.6475,0.5794,0.5525,0.3951,0.018,0.117,88.38,9.0,#a89f8e,-0.0245
S2B_MSIL2A_20190711T183929_R070_T11SLB_20201005T124303,2019-07-11,2B,11SLB,1.4,952,0.0,0.684,0.316,0.0,0.3685,0.4081,0.405,0.3697,0.3568,0.2489,0.0147,0.087,81.34,10.0,#a99f8c,-0.0185
S2A_MSIL2A_20190716T183921_R070_T11SLB_20201106T013457,2019-07-16,2A,11SLB,1.3,952,0.0,0.904,0.096,0.0,0.0448,0.0255,0.0295,0.029,0.0339,0.0235,0.0137,0.09,,,#b695b9,0.138
S2B_MSIL2A_20190721T183929_R070_T11SLB_20201005T174512,2019-07-21,2B,11SLB,2.0,952,0.0,0.938,0.008,0.047,0.0019,0.0059,0.0071,0.0049,0.006,0.0087,0.0166,0.084,,,,
S2A_MSIL2A_20190726T183921_R070_T11SLB_20201106T021130,2019-07-26,2A,11SLB,40.8,952,0.0,0.1,0.0,0.9,,,,,,,,,,,,
S2B_MSIL2A_20190731T183929_R070_T11SLB_20201005T203322,2019-07-31,2B,11SLB,1.1,952,0.0,0.96,0.0,0.033,0.005,0.01145,0.01155,0.0071,0.0087,0.0099,0.016,0.073,,,,
S2A_MSIL2A_20190805T183921_R070_T11SLB_20201004T204357,2019-08-05,2A,11SLB,36.9,952,0.0,0.0,0.0,1.0,,,,,,,,,,,,
S2B_MSIL2A_20190810T183929_R070_T11SLB_20201004T225325,2019-08-10,2B,11SLB,1.4,952,0.0,0.968,0.0,0.021,0.0151,0.0213,0.0191,0.01475,0.0154,0.0158,0.0207,0.084,,,,
S2A_MSIL2A_20190815T183931_R070_T11SLB_20201005T004058,2019-08-15,2A,11SLB,1.1,952,0.0,0.988,0.0,0.012,0.0011,0.0001,0.0007,0.0001,0.0001,0.0001,0.0057,0.087,,,,
S2B_MSIL2A_20190820T183929_R070_T11SLB_20201005T025249,2019-08-20,2B,11SLB,0.9,952,0.0,0.978,0.0,0.022,0.0016,0.0047,0.0022,0.0001,0.0001,0.0001,0.0057,0.077,,,,
S2A_MSIL2A_20190825T183921_R070_T11SLB_20201005T044145,2019-08-25,2A,11SLB,1.4,952,0.0,0.977,0.0,0.023,0.0075,0.0056,0.0055,0.0007,0.00185,0.0013,0.0075,0.077,,,,
S2B_MSIL2A_20190830T183919_R070_T11SLB_20201005T070425,2019-08-30,2B,11SLB,1.8,952,0.0,0.986,0.0,0.013,0.0049,0.0075,0.0057,0.0008,0.0022,0.0018,0.0074,0.063,,,,
S2A_MSIL2A_20190904T183921_R070_T11SLB_20201004T091131,2019-09-04,2A,11SLB,45.9,952,0.0,0.0,0.0,1.0,,,,,,,,,,,,
S2B_MSIL2A_20190909T183919_R070_T11SLB_20201004T111827,2019-09-09,2B,11SLB,4.6,952,0.0,0.982,0.0,0.018,0.0095,0.0138,0.0112,0.0068,0.0078,0.0077,0.0117,0.067,,,,
S2A_MSIL2A_20190914T184001_R070_T11SLB_20201004T130347,2019-09-14,2A,11SLB,0.7,952,0.0,0.994,0.0,0.006,0.0042,0.0032,0.0037,0.0001,0.0008,0.0004,0.0065,0.067,,,,
S2B_MSIL2A_20190919T184039_R070_T11SLB_20201004T150758,2019-09-19,2B,11SLB,34.5,952,0.0,0.955,0.0,0.035,0.0273,0.0275,0.0205,0.013,0.014,0.0116,0.008,0.087,203.18,4.0,#7ea6b1,0.0909
S2A_MSIL2A_20190924T184111_R070_T11SLB_20201004T163656,2019-09-24,2A,11SLB,0.6,952,0.0,0.994,0.0,0.006,0.0001,0.0001,0.0001,0.0001,0.0001,0.0001,0.0044,0.084,,,,
S2B_MSIL2A_20190929T184139_R070_T11SLB_20201004T183651,2019-09-29,2B,11SLB,29.8,952,0.0,0.985,0.0,0.015,0.0118,0.014,0.0093,0.0017,0.0033,0.0003,0.00465,0.121,195.91,4.0,#4aaeb6,0.0
S2A_MSIL2A_20191004T184221_R070_T11SLB_20201003T222911,2019-10-04,2A,11SLB,6.4,952,0.0,0.997,0.0,0.003,0.0006,0.001,0.0035,0.0001,0.0005,0.0002,0.0052,0.07,,,,
S2B_MSIL2A_20191009T184259_R070_T11SLB_20201004T003228,2019-10-09,2B,11SLB,2.3,952,0.0,0.988,0.0,0.012,0.0001,0.0025,0.0021,0.0001,0.0001,0.0001,0.0053,0.073,,,,
S2A_MSIL2A_20191014T184331_R070_T11SLB_20201004T021237,2019-10-14,2A,11SLB,0.7,952,0.0,0.997,0.0,0.003,0.0037,0.004,0.0065,0.0018,0.0032,0.0024,0.0063,0.067,,,,
S2B_MSIL2A_20191019T184409_R070_T11SLB_20201004T041232,2019-10-19,2B,11SLB,48.2,952,0.0,0.994,0.0,0.006,0.0026,0.008,0.0065,0.0014,0.003,0.0018,0.0063,0.063,174.78,5.0,#00bca1,0.0
S2A_MSIL2A_20191024T184441_R070_T11SLB_20201004T054454,2019-10-24,2A,11SLB,0.6,952,0.0,0.977,0.0,0.023,0.0034,0.0049,0.0083,0.0053,0.0075,0.0086,0.0152,0.06,,,,
S2B_MSIL2A_20191029T184509_R070_T11SLB_20201004T073026,2019-10-29,2B,11SLB,7.4,952,0.0,0.994,0.0,0.006,0.0001,0.0006,0.0005,0.0001,0.0001,0.0001,0.0049,0.056,,,,
S2A_MSIL2A_20191103T184541_R070_T11SLB_20201003T123915,2019-11-03,2A,11SLB,0.5,952,0.0,0.996,0.0,0.004,0.0001,0.0002,0.0029,0.0001,0.001,0.0006,0.0055,0.056,,,,
S2B_MSIL2A_20191108T184559_R070_T11SLB_20201003T143408,2019-11-08,2B,11SLB,1.0,952,0.0,0.995,0.0,0.005,0.0001,0.0017,0.0012,0.0001,0.0001,0.0001,0.0049,0.053,,,,
S2B_MSIL2A_20191118T184649_R070_T11SLB_20201003T175205,2019-11-18,2B,11SLB,0.5,952,0.0,0.996,0.0,0.004,0.0001,0.0001,0.0001,0.0001,0.0001,0.0001,0.0042,0.049,,,,
S2A_MSIL2A_20191123T184711_R070_T11SLB_20201003T191358,2019-11-23,2A,11SLB,10.5,952,0.0,1.0,0.0,0.0,0.0001,0.0001,0.0001,0.0001,0.0001,0.0001,0.0033,0.056,,,,
S2A_MSIL2A_20200302T184251_R070_T11SLB_20200926T002816,2020-03-02,2A,11SLB,14.2,952,0.0,0.0,0.9,0.1,,,,,,,,,,,,
S2B_MSIL2A_20200307T184219_R070_T11SLB_20201003T084726,2020-03-07,2B,11SLB,54.1,952,0.0,0.003,0.174,0.822,,,,,,,,,,,,
S2A_MSIL2A_20200312T184141_R070_T11SLB_20201006T102228,2020-03-12,2A,11SLB,28.3,952,0.0,0.0,0.14,0.86,,,,,,,,,,,,
S2B_MSIL2A_20200317T184009_R070_T11SLB_20201010T105300,2020-03-17,2B,11SLB,31.9,952,0.0,0.0,0.0,1.0,,,,,,,,,,,,
S2B_MSIL2A_20200327T183929_R070_T11SLB_20201027T115823,2020-03-27,2B,11SLB,19.5,952,0.0,0.0,0.0,1.0,,,,,,,,,,,,
S2A_MSIL2A_20200401T183921_R070_T11SLB_20200924T134820,2020-04-01,2A,11SLB,4.9,952,0.0,0.0,1.0,0.0,,,,,,,,,,,,
S2A_MSIL2A_20200411T183921_R070_T11SLB_20200923T021145,2020-04-11,2A,11SLB,8.5,952,0.0,0.0,1.0,0.0,,,,,,,,,,,,
S2B_MSIL2A_20200416T183919_R070_T11SLB_20200923T200053,2020-04-16,2B,11SLB,34.8,952,0.0,0.0,0.0,1.0,,,,,,,,,,,,
S2A_MSIL2A_20200421T183921_R070_T11SLB_20200921T123221,2020-04-21,2A,11SLB,38.2,952,0.0,0.0,1.0,0.0,,,,,,,,,,,,
S2B_MSIL2A_20200426T183919_R070_T11SLB_20200922T060808,2020-04-26,2B,11SLB,51.3,952,0.0,0.0,1.0,0.0,,,,,,,,,,,,
S2A_MSIL2A_20200501T183921_R070_T11SLB_20200920T014052,2020-05-01,2A,11SLB,1.4,952,0.0,0.0,1.0,0.0,,,,,,,,,,,,
S2A_MSIL2A_20200511T183921_R070_T11SLB_20200917T184939,2020-05-11,2A,11SLB,9.0,952,0.0,0.0,1.0,0.0,,,,,,,,,,,,
S2B_MSIL2A_20200516T183919_R070_T11SLB_20200909T225454,2020-05-16,2B,11SLB,13.7,952,0.0,0.0,1.0,0.0,,,,,,,,,,,,
S2A_MSIL2A_20200521T183921_R070_T11SLB_20200910T105654,2020-05-21,2A,11SLB,3.5,952,0.0,0.0,1.0,0.0,,,,,,,,,,,,
S2B_MSIL2A_20200526T183919_R070_T11SLB_20200911T023448,2020-05-26,2B,11SLB,1.8,952,0.0,0.056,0.944,0.0,,,,,,,,,,,,
S2A_MSIL2A_20200531T183921_R070_T11SLB_20200911T151851,2020-05-31,2A,11SLB,2.2,952,0.0,0.199,0.795,0.001,,,,,,,,,,,,
S2A_MSIL2A_20200610T183921_R070_T11SLB_20200909T084311,2020-06-10,2A,11SLB,5.1,952,0.0,0.952,0.014,0.034,0.0001,0.0001,0.0001,0.0001,0.0001,0.0002,0.00805,0.077,,,,
S2A_MSIL2A_20200620T183921_R070_T11SLB_20200823T103654,2020-06-20,2A,11SLB,1.9,952,0.0,0.941,0.0,0.038,0.0296,0.0345,0.03665,0.0319,0.0334,0.034,0.03805,0.09,,,,
S2B_MSIL2A_20200625T183919_R070_T11SLB_20200908T080116,2020-06-25,2B,11SLB,24.5,952,0.0,0.438,0.0,0.539,,,,,,,,,,,,
S2A_MSIL2A_20200630T183921_R070_T11SLB_20200824T165518,2020-06-30,2A,11SLB,1.6,952,0.0,0.953,0.0,0.012,0.0247,0.0297,0.0308,0.0259,0.0267,0.0256,0.0312,0.101,,,,
S2B_MSIL2A_20200705T183919_R070_T11SLB_20200908T080114,2020-07-05,2B,11SLB,1.3,952,0.0,0.985,0.0,0.014,0.0015,0.0035,0.0031,0.0001,0.0001,0.0001,0.0071,0.073,,,,
S2A_MSIL2A_20200710T183921_R070_T11SLB_20200912T171236,2020-07-10,2A,11SLB,38.1,952,0.0,0.97,0.0,0.009,0.0156,0.0191,0.0198,0.0143,0.0154,0.0148,0.0225,0.107,,,,
S2B_MSIL2A_20200715T183919_R070_T11SLB_20200912T054059,2020-07-15,2B,11SLB,4.2,952,0.0,0.978,0.0,0.021,0.0068,0.0099,0.0066,0.0023,0.003,0.0025,0.0113,0.101,,,,
S2A_MSIL2A_20200720T183921_R070_T11SLB_20200816T204252,2020-07-20,2A,11SLB,42.1,952,0.0,0.456,0.0,0.465,,,,,,,,,,,,
S2B_MSIL2A_20200725T183919_R070_T11SLB_20201024T202113,2020-07-25,2B,11SLB,2.1,952,0.0,0.993,0.0,0.007,0.0095,0.0102,0.0071,0.0021,0.0033,0.0023,0.0109,0.097,,,,
S2A_MSIL2A_20200730T183921_R070_T11SLB_20200908T080115,2020-07-30,2A,11SLB,2.1,952,0.0,0.987,0.0,0.013,0.0106,0.0118,0.0113,0.0069,0.00755,0.0076,0.0153,0.087,,,,
S2B_MSIL2A_20200804T183919_R070_T11SLB_20200816T044339,2020-08-04,2B,11SLB,0.6,952,0.0,0.989,0.0,0.002,0.0106,0.0135,0.0105,0.00505,0.00605,0.00535,0.0128,0.087,,,,
S2A_MSIL2A_20200809T183921_R070_T11SLB_20200815T144434,2020-08-09,2A,11SLB,0.7,952,0.0,0.983,0.0,0.014,0.0115,0.0105,0.01125,0.0055,0.0066,0.00615,0.0127,0.073,,,,
S2B_MSIL2A_20200814T183919_R070_T11SLB_20201025T153830,2020-08-14,2B,11SLB,7.6,952,0.0,0.967,0.0,0.0,0.0159,0.0185,0.016,0.011,0.0129,0.0113,0.0223,0.08,,,,
S2A_MSIL2A_20200819T183921_R070_T11SLB_20200908T080117,2020-08-19,2A,11SLB,49.8,952,0.0,0.061,0.0,0.926,,,,,,,,,,,,
S2B_MSIL2A_20200824T183919_R070_T11SLB_20200827T145315,2020-08-24,2B,11SLB,45.0,952,0.0,0.949,0.0,0.034,0.0207,0.0221,0.0174,0.0088,0.0113,0.0053,0.0134,0.179,202.44,4.0,#43adbf,0.0
S2A_MSIL2A_20200829T183921_R070_T11SLB_20200907T140855,2020-08-29,2A,11SLB,1.3,952,0.0,0.989,0.0,0.011,0.0069,0.0056,0.0059,0.0009,0.0018,0.0013,0.0079,0.073,,,,
S2B_MSIL2A_20200903T183919_R070_T11SLB_20201027T151402,2020-09-03,2B,11SLB,0.5,952,0.0,0.998,0.0,0.002,0.0007,0.0038,0.002,0.0001,0.0001,0.0001,0.0054,0.07,,,,
S2A_MSIL2A_20200908T183921_R070_T11SLB_20200911T201130,2020-09-08,2A,11SLB,8.8,952,0.0,0.964,0.0,0.03,0.0255,0.0248,0.026,0.0217,0.0232,0.02445,0.0267,0.073,,,,
S2B_MSIL2A_20200913T183929_R070_T11SLB_20200918T152239,2020-09-13,2B,11SLB,12.3,952,0.0,0.102,0.0,0.895,,,,,,,,,,,,
S2B_MSIL2A_20200923T184019_R070_T11SLB_20200926T092842,2020-09-23,2B,11SLB,8.6,952,0.0,1.0,0.0,0.0,0.1004,0.0948,0.08065,0.06,0.059,0.045,0.0159,0.121,198.52,4.0,#98a1a3,-0.0115
S2A_MSIL2A_20200928T184151_R070_T11SLB_20200930T155541,2020-09-28,2A,11SLB,0.5,952,0.0,0.994,0.0,0.006,0.0001,0.0001,0.0015,0.0001,0.0001,0.0001,0.0063,0.07,,,,
S2B_MSIL2A_20201003T184129_R070_T11SLB_20201005T065716,2020-10-03,2B,11SLB,0.7,952,0.0,0.994,0.0,0.006,0.0206,0.0226,0.018,0.01,0.0112,0.0064,0.0058,0.114,187.25,5.0,#80a7a4,0.125
S2B_MSIL2A_20201013T184329_R070_T11SLB_20201015T033202,2020-10-13,2B,11SLB,1.2,952,0.0,0.982,0.0,0.0,0.1639,0.1626,0.1449,0.1197,0.1161,0.0968,0.0306,0.063,181.45,5.0,#9fa09c,-0.0206
S2A_MSIL2A_20201018T184411_R070_T11SLB_20201019T170615,2020-10-18,2A,11SLB,0.5,952,0.0,0.999,0.0,0.001,0.0084,0.0062,0.0078,0.002,0.0029,0.0008,0.0053,0.067,206.64,4.0,#99a1a7,0.0
S2B_MSIL2A_20201023T184439_R070_T11SLB_20201028T212050,2020-10-23,2B,11SLB,8.8,952,0.0,0.994,0.0,0.006,0.0171,0.0192,0.0157,0.0091,0.01,0.0066,0.0069,0.06,184.12,5.0,#79a9a3,0.1698
S2A_MSIL2A_20201028T184511_R070_T11SLB_20201101T003049,2020-10-28,2A,11SLB,1.7,952,0.0,0.999,0.0,0.001,0.0001,0.0001,0.0004,0.0001,0.0001,0.0001,0.0047,0.056,,,,
S2B_MSIL2A_20201102T184539_R070_T11SLB_20201104T004806,2020-11-02,2B,11SLB,19.1,952,0.0,0.987,0.0,0.013,0.0001,0.0001,0.0001,0.0001,0.0001,0.0001,0.0055,0.121,,,,
S2A_MSIL2A_20201107T184601_R070_T11SLB_20201108T145215,2020-11-07,2A,11SLB,39.4,952,0.001,0.998,0.0,0.0,0.0001,0.0001,0.0001,0.0001,0.0001,0.0001,0.0014,0.121,,,,
S2B_MSIL2A_20201112T184629_R070_T11SLB_20201113T211856,2020-11-12,2B,11SLB,7.3,952,0.001,0.998,0.001,0.0,0.0001,0.0001,0.0001,0.0001,0.0001,0.0001,0.0003,0.101,,,,
S2A_MSIL2A_20201117T184651_R070_T11SLB_20201118T184714,2020-11-17,2A,11SLB,67.5,952,0.0,1.0,0.0,0.0,0.0001,0.0001,0.0001,0.0001,0.0001,0.0001,0.0053,0.121,,,,
S2B_MSIL2A_20201122T184709_R070_T11SLB_20201123T151358,2020-11-22,2B,11SLB,3.3,952,0.0,1.0,0.0,0.0,0.0001,0.0001,0.0001,0.0001,0.0001,0.0001,0.0024,0.07,,,,
S2A_MSIL2A_20201127T184731_R070_T11SLB_20201128T160043,2020-11-27,2A,11SLB,4.7,952,0.0,0.941,0.059,0.0,0.00095,0.0001,0.0001,0.0001,0.0001,0.0003,0.0036,0.056,,,,
S2B_MSIL2A_20210302T184259_R070_T11SLB_20210303T072048,2021-03-02,2B,11SLB,56.5,952,0.0,0.0,0.0,1.0,,,,,,,,,,,,
S2A_MSIL2A_20210317T184111_R070_T11SLB_20210318T122115,2021-03-17,2A,11SLB,37.0,952,0.0,0.0,1.0,0.0,,,,,,,,,,,,
S2A_MSIL2A_20210327T184001_R070_T11SLB_20210328T055416,2021-03-27,2A,11SLB,5.3,952,0.0,0.0,0.046,0.954,,,,,,,,,,,,
S2B_MSIL2A_20210401T183919_R070_T11SLB_20210402T184749,2021-04-01,2B,11SLB,3.2,952,0.0,0.0,1.0,0.0,,,,,,,,,,,,
S2A_MSIL2A_20210406T183911_R070_T11SLB_20210408T194948,2021-04-06,2A,11SLB,19.7,952,0.0,0.0,0.0,1.0,,,,,,,,,,,,
S2B_MSIL2A_20210411T183919_R070_T11SLB_20210412T113735,2021-04-11,2B,11SLB,20.7,952,0.0,0.0,1.0,0.0,,,,,,,,,,,,
S2A_MSIL2A_20210416T183911_R070_T11SLB_20210417T075357,2021-04-16,2A,11SLB,32.7,952,0.0,0.0,1.0,0.0,,,,,,,,,,,,
S2B_MSIL2A_20210421T183909_R070_T11SLB_20210423T001950,2021-04-21,2B,11SLB,57.6,952,0.0,0.0,1.0,0.0,,,,,,,,,,,,
S2A_MSIL2A_20210426T183921_R070_T11SLB_20210427T073020,2021-04-26,2A,11SLB,39.2,952,0.0,0.003,0.139,0.858,,,,,,,,,,,,
S2B_MSIL2A_20210501T183919_R070_T11SLB_20210502T111234,2021-05-01,2B,11SLB,2.6,952,0.0,0.0,1.0,0.0,,,,,,,,,,,,
S2A_MSIL2A_20210506T183921_R070_T11SLB_20210508T062708,2021-05-06,2A,11SLB,5.4,952,0.0,0.0,1.0,0.0,,,,,,,,,,,,
S2B_MSIL2A_20210511T183919_R070_T11SLB_20210512T195549,2021-05-11,2B,11SLB,4.4,952,0.0,0.0,1.0,0.0,,,,,,,,,,,,
S2A_MSIL2A_20210516T183921_R070_T11SLB_20210518T084544,2021-05-16,2A,11SLB,44.2,952,0.0,0.148,0.608,0.244,,,,,,,,,,,,
S2A_MSIL2A_20210526T183921_R070_T11SLB_20210527T125806,2021-05-26,2A,11SLB,2.3,952,0.0,0.986,0.005,0.008,0.0001,0.0001,0.0001,0.0001,0.0001,0.0001,0.0045,0.067,,,,
S2B_MSIL2A_20210531T183919_R070_T11SLB_20210601T120248,2021-05-31,2B,11SLB,1.7,952,0.0,0.959,0.0,0.041,0.0001,0.0006,0.0023,0.0004,0.0011,0.0037,0.0106,0.073,,,,
S2A_MSIL2A_20210605T183921_R070_T11SLB_20210606T064613,2021-06-05,2A,11SLB,1.6,952,0.0,0.949,0.0,0.044,0.0074,0.0107,0.0136,0.0098,0.0113,0.012,0.017,0.07,,,,
S2B_MSIL2A_20210610T183919_R070_T11SLB_20210613T222953,2021-06-10,2B,11SLB,42.1,952,0.0,0.946,0.0,0.045,0.0151,0.0232,0.0209,0.0152,0.0155,0.0163,0.0215,0.097,,,,
S2A_MSIL2A_20210615T183921_R070_T11SLB_20210616T054513,2021-06-15,2A,11SLB,1.6,952,0.0,0.937,0.0,0.028,0.0462,0.0496,0.0494,0.0447,0.0457,0.0452,0.0453,0.067,121.49,7.0,#74ae69,0.6
S2B_MSIL2A_20210620T183919_R070_T11SLB_20210621T101820,2021-06-20,2B,11SLB,1.8,952,0.0,0.973,0.0,0.027,0.0069,0.0094,0.0068,0.0002,0.0017,0.0001,0.0079,0.121,,,,
S2A_MSIL2A_20210625T183921_R070_T11SLB_20210626T093833,2021-06-25,2A,11SLB,24.2,952,0.0,0.699,0.0,0.284,0.0426,0.0409,0.0367,0.0259,0.0254,0.0248,0.0302,0.144,209.41,4.0,#5eaac3,0.0
S2B_MSIL2A_20210630T183919_R070_T11SLB_20210701T135139,2021-06-30,2B,11SLB,43.6,952,0.0,0.939,0.0,0.046,0.0584,0.0535,0.0445,0.0297,0.02855,0.0246,0.0205,0.094,207.58,4.0,#84a5b3,-0.0667
S2A_MSIL2A_20210705T183921_R070_T11SLB_20210710T031428,2021-07-05,2A,11SLB,6.1,952,0.0,0.691,0.0,0.244,0.0244,0.0187,0.0165,0.0064,0.0057,0.00555,0.0112,0.09,222.52,2.0,#6ba5d7,0.0
S2B_MSIL2A_20210710T183919_R070_T11SLB_20210711T042935,2021-07-10,2B,11SLB,45.5,952,0.0,0.441,0.0,0.362,,,,,,,,,,,,
S2A_MSIL2A_20210715T183921_R070_T11SLB_20210716T114825,2021-07-15,2A,11SLB,2.2,952,0.0,0.966,0.0,0.012,0.0339,0.03435,0.03295,0.025,0.0251,0.0245,0.0286,0.09,187.63,5.0,#6baba9,0.0
S2B_MSIL2A_20210720T183919_R070_T11SLB_20210721T052058,2021-07-20,2B,11SLB,3.2,952,0.0,0.986,0.0,0.002,0.033,0.0351,0.0299,0.0221,0.0207,0.0209,0.0233,0.077,195.3,4.0,#54adb4,0.0
S2A_MSIL2A_20210725T183921_R070_T11SLB_20210726T162905,2021-07-25,2A,11SLB,32.2,952,0.0,0.0,0.0,1.0,,,,,,,,,,,,
S2B_MSIL2A_20210730T183919_R070_T11SLB_20210731T061517,2021-07-30,2B,11SLB,56.4,952,0.0,0.941,0.0,0.025,0.0412,0.03,0.0228,0.0156,0.0155,0.013,0.0129,0.084,225.34,2.0,#73a3db,-0.0189
S2A_MSIL2A_20210804T183921_R070_T11SLB_20210805T055340,2021-08-04,2A,11SLB,2.4,952,0.0,0.974,0.0,0.016,0.0266,0.0254,0.0231,0.0163,0.0153,0.0152,0.0183,0.077,206.71,4.0,#65a9bd,0.0
S2B_MSIL2A_20210809T183919_R070_T11SLB_20210810T111715,2021-08-09,2B,11SLB,0.4,952,0.0,0.985,0.0,0.015,0.0161,0.0163,0.01175,0.0052,0.0039,0.004,0.0089,0.09,211.95,3.0,#2eadd1,0.0
S2A_MSIL2A_20210814T183921_R070_T11SLB_20210815T041554,2021-08-14,2A,11SLB,6.2,952,0.0,0.988,0.0,0.012,0.043,0.0364,0.0332,0.0216,0.0212,0.0173,0.0117,0.127,207.59,4.0,#90a3ac,-0.0206
S2B_MSIL2A_20210819T183919_R070_T11SLB_20210820T055319,2021-08-19,2B,11SLB,0.4,952,0.0,0.981,0.0,0.004,0.0363,0.0349,0.0297,0.0192,0.0181,0.0164,0.0119,0.097,198.63,4.0,#88a5aa,-0.0815
S2A_MSIL2A_20210824T183921_R070_T11SLB_20210825T084443,2021-08-24,2A,11SLB,2.2,952,0.0,0.984,0.0,0.016,0.0191,0.0161,0.0144,0.0078,0.007,0.0074,0.0113,0.077,221.46,2.0,#66a6d7,0.0
S2B_MSIL2A_20210829T183919_R070_T11SLB_20210830T073255,2021-08-29,2B,11SLB,0.4,952,0.0,0.994,0.0,0.006,0.0167,0.0156,0.0118,0.0042,0.0031,0.0031,0.0078,0.084,212.85,3.0,#51aacc,0.0
S2A_MSIL2A_20210903T183921_R070_T11SLB_20210904T043452,2021-09-03,2A,11SLB,0.5,952,0.0,0.997,0.0,0.003,0.0421,0.0349,0.0303,0.0201,0.0191,0.0166,0.0102,0.08,212.93,3.0,#8fa2b1,-0.0532
S2B_MSIL2A_20210908T183919_R070_T11SLB_20210909T103040,2021-09-08,2B,11SLB,0.4,952,0.0,0.991,0.0,0.009,0.0168,0.0169,0.012,0.0048,0.0038,0.0038,0.0073,0.08,208.01,4.0,#4bacc5,0.0
S2A_MSIL2A_20210913T184001_R070_T11SLB_20210914T102036,2021-09-13,2A,11SLB,1.5,952,0.0,0.992,0.0,0.008,0.0107,0.0078,0.0072,0.0003,0.0001,0.0001,0.0066,0.08,234.54,1.0,#5e7fff,0.0
S2B_MSIL2A_20210918T183929_R070_T11SLB_20210919T051646,2021-09-18,2B,11SLB,0.5,952,0.0,0.982,0.0,0.018,0.0443,0.0435,0.0377,0.0239,0.0224,0.0186,0.0113,0.121,191.49,4.0,#8ea4a4,-0.0633
S2A_MSIL2A_20210923T184111_R070_T11SLB_20210924T155111,2021-09-23,2A,11SLB,1.1,952,0.0,0.971,0.0,0.029,0.0153,0.0126,0.0133,0.0055,0.0048,0.0056,0.0123,0.08,,,#a493f1,0.0
S2B_MSIL2A_20210928T184049_R070_T11SLB_20210929T081158,2021-09-28,2B,11SLB,16.4,952,0.0,0.94,0.0,0.012,0.0411,0.0457,0.048,0.0442,0.0468,0.0556,0.0656,0.077,,,,
S2A_MSIL2A_20211003T184221_R070_T11SLB_20211004T050619,2021-10-03,2A,11SLB,0.3,952,0.0,1.0,0.0,0.0,0.0471,0.0436,0.0426,0.0287,0.0277,0.0239,0.0103,0.121,180.56,5.0,#9aa29c,-0.0279
S2B_MSIL2A_20211008T184249_R070_T11SLB_20211009T081033,2021-10-08,2B,11SLB,60.3,952,0.0,0.015,0.431,0.555,,,,,,,,,,,,
S2A_MSIL2A_20211013T184331_R070_T11SLB_20211014T101113,2021-10-13,2A,11SLB,14.7,952,0.0,0.621,0.0,0.372,0.0226,0.013,0.0134,0.0052,0.005,0.0063,0.01,0.073,234.18,1.0,#8798ff,0.0
S2B_MSIL2A_20211107T184559_R070_T11SLB_20211108T025407,2021-11-07,2B,11SLB,15.4,952,0.0,0.225,0.021,0.738,,,,,,,,,,,,
S2A_MSIL2A_20211112T184631_R070_T11SLB_20211113T064538,2021-11-12,2A,11SLB,1.7,952,0.001,0.944,0.055,0.0,0.0001,0.0001,0.0001,0.0001,0.0001,0.0001,0.0012,0.063,,,,
S2B_MSIL2A_20211117T184649_R070_T11SLB_20211118T073548,2021-11-17,2B,11SLB,6.2,952,0.001,0.943,0.055,0.001,0.0001,0.0001,0.0001,0.0001,0.0001,0.0001,0.0019,0.063,,,,
S2A_MSIL2A_20211122T184711_R070_T11SLB_20211123T081752,2021-11-22,2A,11SLB,27.9,952,0.0,0.944,0.038,0.018,0.0045,0.0031,0.0091,0.0025,0.0013,0.003,0.0019,0.06,67.68,12.0,#a4a458,-0.7143
S2B_MSIL2A_20211127T184719_R070_T11SLB_20211128T195145,2021-11-27,2B,11SLB,2.2,952,0.0,0.944,0.056,0.0,0.0121,0.0192,0.0237,0.017,0.0158,0.0113,0.0021,0.056,66.64,12.0,#a7a16f,-0.042
S2A_MSIL2A_20220302T184311_R070_T11SLB_20220304T090352,2022-03-02,2A,11SLB,47.4,952,0.0,0.0,1.0,0.0,,,,,,,,,,,,
S2B_MSIL2A_20220307T184229_R070_T11SLB_20220308T093215,2022-03-07,2B,11SLB,1.1,952,0.0,0.0,1.0,0.0,,,,,,,,,,,,
S2A_MSIL2A_20220312T184151_R070_T11SLB_20220313T073301,2022-03-12,2A,11SLB,0.0,952,0.0,0.0,1.0,0.0,,,,,,,,,,,,
S2B_MSIL2A_20220317T184019_R070_T11SLB_20220318T051605,2022-03-17,2B,11SLB,43.3,952,0.0,0.0,0.0,1.0,,,,,,,,,,,,
S2A_MSIL2A_20220322T184041_R070_T11SLB_20220323T091332,2022-03-22,2A,11SLB,0.1,952,0.0,0.0,1.0,0.0,,,,,,,,,,,,
S2B_MSIL2A_20220327T183929_R070_T11SLB_20220328T075721,2022-03-27,2B,11SLB,14.2,952,0.0,0.001,0.999,0.0,,,,,,,,,,,,
S2A_MSIL2A_20220401T183931_R070_T11SLB_20240603T035225,2022-04-01,2A,11SLB,0.0,952,0.0,0.0,1.0,0.0,,,,,,,,,,,,
S2B_MSIL2A_20220406T183919_R070_T11SLB_20220407T095338,2022-04-06,2B,11SLB,0.1,952,0.0,0.035,0.965,0.0,,,,,,,,,,,,
S2A_MSIL2A_20220411T183921_R070_T11SLB_20240604T165300,2022-04-11,2A,11SLB,59.5,952,0.0,0.0,0.0,1.0,,,,,,,,,,,,
S2B_MSIL2A_20220426T183909_R070_T11SLB_20240524T064214,2022-04-26,2B,11SLB,52.8,952,0.0,0.0,0.012,0.988,,,,,,,,,,,,
S2A_MSIL2A_20220501T183921_R070_T11SLB_20220502T101939,2022-05-01,2A,11SLB,2.8,952,0.0,0.0,1.0,0.0,,,,,,,,,,,,
S2B_MSIL2A_20220506T183919_R070_T11SLB_20220507T155327,2022-05-06,2B,11SLB,4.3,952,0.0,0.002,0.998,0.0,,,,,,,,,,,,
S2A_MSIL2A_20220511T183921_R070_T11SLB_20220512T175922,2022-05-11,2A,11SLB,60.2,952,0.0,0.0,1.0,0.0,,,,,,,,,,,,
S2B_MSIL2A_20220516T183919_R070_T11SLB_20220518T235843,2022-05-16,2B,11SLB,0.9,952,0.0,0.0,1.0,0.0,,,,,,,,,,,,
S2A_MSIL2A_20220521T183931_R070_T11SLB_20220523T000259,2022-05-21,2A,11SLB,0.0,952,0.0,0.0,1.0,0.0,,,,,,,,,,,,
S2B_MSIL2A_20220526T183919_R070_T11SLB_20220527T165916,2022-05-26,2B,11SLB,5.4,952,0.0,0.011,0.989,0.0,,,,,,,,,,,,
S2A_MSIL2A_20220531T183931_R070_T11SLB_20240619T150031,2022-05-31,2A,11SLB,0.0,952,0.0,0.387,0.613,0.0,,,,,,,,,,,,
S2B_MSIL2A_20220605T183919_R070_T11SLB_20220606T070647,2022-06-05,2B,11SLB,57.8,952,0.0,0.393,0.0,0.597,,,,,,,,,,,,
S2A_MSIL2A_20220610T183931_R070_T11SLB_20220611T203509,2022-06-10,2A,11SLB,0.0,952,0.0,0.996,0.0,0.0,-0.0005,-0.0032,-0.0007,-0.0042,-0.0046,-0.0013,0.00705,0.094,,,,
S2B_MSIL2A_20220615T183919_R070_T11SLB_20220618T192555,2022-06-15,2B,11SLB,0.0,952,0.0,0.986,0.0,0.0,-0.003,-0.0011,-0.0025,-0.0062,-0.007,-0.0046,0.0056,0.107,,,,
S2A_MSIL2A_20220620T183931_R070_T11SLB_20220621T210310,2022-06-20,2A,11SLB,18.3,952,0.0,0.949,0.0,0.0,0.0342,0.0346,0.0326,0.0262,0.0254,0.0259,0.0318,0.137,211.95,3.0,#00aed6,0.0
S2B_MSIL2A_20220625T183929_R070_T11SLB_20240629T110158,2022-06-25,2B,11SLB,27.8,952,0.0,0.068,0.0,0.932,,,,,,,,,,,,
S2A_MSIL2A_20220630T183931_R070_T11SLB_20220701T122219,2022-06-30,2A,11SLB,1.9,952,0.0,0.935,0.0,0.0,0.0431,0.04705,0.0442,0.0386,0.0389,0.0388,0.0407,0.104,165.23,5.0,#50b092,0.0
S2B_MSIL2A_20220705T183929_R070_T11SLB_20240630T212943,2022-07-05,2B,11SLB,0.2,952,0.0,0.961,0.0,0.0,0.0372,0.0437,0.0388,0.0322,0.0323,0.0325,0.0369,0.107,162.38,6.0,#00b989,0.0
S2A_MSIL2A_20220710T183931_R070_T11SLB_20220712T180313,2022-07-10,2A,11SLB,0.0,952,0.0,0.995,0.0,0.0,0.0261,0.0253,0.0223,0.0162,0.0153,0.0168,0.0202,0.08,216.79,3.0,#3eabd9,0.0
S2B_MSIL2A_20220715T183919_R070_T11SLB_20220716T055037,2022-07-15,2B,11SLB,22.8,952,0.0,0.414,0.0,0.465,,,,,,,,,,,,
S2A_MSIL2A_20220720T183931_R070_T11SLB_20220721T081658,2022-07-20,2A,11SLB,12.8,952,0.0,1.0,0.0,0.0,0.0305,0.0273,0.0238,0.0165,0.0165,0.016,0.0192,0.084,218.29,3.0,#5ba8d4,0.0
S2B_MSIL2A_20220725T183929_R070_T11SLB_20240716T001714,2022-07-25,2B,11SLB,19.9,952,0.0,0.69,0.0,0.255,0.0531,0.0513,0.0413,0.0303,0.03,0.0267,0.0194,0.127,205.9,4.0,#87a4b0,-0.014
S2A_MSIL2A_20220730T183931_R070_T11SLB_20220731T194341,2022-07-30,2A,11SLB,19.2,952,0.0,0.057,0.0,0.896,,,,,,,,,,,,
S2B_MSIL2A_20220804T183919_R070_T11SLB_20220805T060424,2022-08-04,2B,11SLB,51.7,952,0.0,0.0,0.0,1.0,,,,,,,,,,,,
S2B_MSIL2A_20220814T183919_R070_T11SLB_20220815T093810,2022-08-14,2B,11SLB,2.7,952,0.0,1.0,0.0,0.0,0.0144,0.0157,0.0125,0.005,0.0042,0.00435,0.0098,0.07,199.39,4.0,#43aebb,0.0
S2B_MSIL2A_20220824T183919_R070_T11SLB_20220825T152503,2022-08-24,2B,11SLB,3.9,952,0.0,1.0,0.0,0.0,0.0134,0.0149,0.01185,0.0044,0.0031,0.0036,0.0091,0.073,196.06,4.0,#46aeb6,0.0
S2A_MSIL2A_20220829T183931_R070_T11SLB_20220831T055043,2022-08-29,2A,11SLB,16.1,952,0.0,0.993,0.0,0.003,0.0159,0.0116,0.0107,0.0025,0.0021,0.0017,0.0078,0.073,226.78,2.0,#72a2e1,0.0
S2B_MSIL2A_20220903T183919_R070_T11SLB_20220904T064508,2022-09-03,2B,11SLB,24.7,952,0.0,0.999,0.0,0.0,0.0173,0.017,0.0126,0.0046,0.0036,0.0033,0.0083,0.08,209.67,4.0,#4dabc8,0.0
S2A_MSIL2A_20220908T183931_R070_T11SLB_20240730T114918,2022-09-08,2A,11SLB,11.3,952,0.0,0.739,0.0,0.2,0.0131,0.00505,0.00625,0.0039,0.0037,0.00385,0.0086,0.084,,,,
S2A_MSIL2A_20220918T184041_R070_T11SLB_20240719T051011,2022-09-18,2A,11SLB,40.7,952,0.0,0.0,0.0,0.965,,,,,,,,,,,,
S2B_MSIL2A_20220923T184109_R070_T11SLB_20220924T094602,2022-09-23,2B,11SLB,0.4,952,0.0,1.0,0.0,0.0,0.0079,0.0093,0.0069,-0.0007,-0.0018,-0.0015,0.0045,0.07,192.22,4.0,#4caeb1,0.0
S2A_MSIL2A_20220928T184151_R070_T11SLB_20220929T102249,2022-09-28,2A,11SLB,1.3,952,0.0,1.0,0.0,0.0,0.0087,0.0064,0.0076,0.0002,-0.001,-0.0007,0.0056,0.073,224.85,2.0,#999fb7,0.0
S2B_MSIL2A_20221003T184219_R070_T11SLB_20221004T114008,2022-10-03,2B,11SLB,0.0,952,0.0,1.0,0.0,0.0,0.0055,0.0077,0.0057,-0.0019,-0.003,-0.0025,0.0043,0.077,174.09,5.0,#32b29d,0.0
S2A_MSIL2A_20221008T184301_R070_T11SLB_20221009T090656,2022-10-08,2A,11SLB,1.8,952,0.0,0.754,0.0,0.116,0.01165,0.0088,0.0105,0.0023,0.00185,0.00265,0.00815,0.07,227.38,1.0,#9e9eb4,0.0
S2B_MSIL2A_20221013T184329_R070_T11SLB_20240719T172345,2022-10-13,2B,11SLB,0.1,952,0.0,1.0,0.0,0.0,0.0087,0.0108,0.0091,0.0005,-0.0003,-0.0004,0.0053,0.063,172.31,5.0,#64ad9a,0.0
S2A_MSIL2A_20221018T184401_R070_T11SLB_20240714T151641,2022-10-18,2A,11SLB,17.2,952,0.0,0.017,0.0,0.651,,,,,,,,,,,,
S2B_MSIL2A_20221023T184429_R070_T11SLB_20221024T120556,2022-10-23,2B,11SLB,7.1,952,0.0,1.0,0.0,0.0,0.0034,0.0071,0.00675,-0.0019,-0.0031,-0.0025,0.0036,0.073,114.13,7.0,#71af58,0.0
S2A_MSIL2A_20221028T184501_R070_T11SLB_20221029T081751,2022-10-28,2A,11SLB,0.0,952,0.0,1.0,0.0,0.0,0.0074,0.0068,0.0107,0.0015,0.0008,0.0009,0.0068,0.063,,,,
S2B_MSIL2A_20221102T184529_R070_T11SLB_20221103T121759,2022-11-02,2B,11SLB,37.2,952,0.0,0.026,0.0,0.974,,,,,,,,,,,,
S2B_MSIL2A_20221112T184619_R070_T11SLB_20221114T230139,2022-11-12,2B,11SLB,0.8,952,0.0,0.507,0.493,0.0,-0.0054,0.0043,0.0093,0.0054,0.0031,0.007,0.0024,0.038,52.22,14.0,#b0a200,-0.6216
S2A_MSIL2A_20221117T184651_R070_T11SLB_20221118T093900,2022-11-17,2A,11SLB,8.7,952,0.0,0.454,0.546,0.0,,,,,,,,,,,,
S2B_MSIL2A_20221122T184709_R070_T11SLB_20221123T071008,2022-11-22,2B,11SLB,0.2,952,0.0,0.458,0.542,0.0,,,,,,,,,,,,
S2A_MSIL2A_20221127T184721_R070_T11SLB_20221130T211136,2022-11-27,2A,11SLB,0.0,952,0.0,0.459,0.541,0.0,,,,,,,,,,,,
S2B_MSIL2A_20230302T184309_R070_T11SLB_20240803T225754,2023-03-02,2B,11SLB,0.8,952,0.0,0.0,1.0,0.0,,,,,,,,,,,,
S2A_MSIL2A_20230307T184221_R070_T11SLB_20230308T033458,2023-03-07,2A,11SLB,2.5,952,0.0,0.0,1.0,0.0,,,,,,,,,,,,
S2B_MSIL2A_20230312T184149_R070_T11SLB_20240804T101852,2023-03-12,2B,11SLB,47.1,952,0.0,0.0,0.0,1.0,,,,,,,,,,,,
S2A_MSIL2A_20230317T184111_R070_T11SLB_20230318T012045,2023-03-17,2A,11SLB,0.2,952,0.0,0.0,1.0,0.0,,,,,,,,,,,,
S2B_MSIL2A_20230322T184039_R070_T11SLB_20230323T032717,2023-03-22,2B,11SLB,68.5,952,0.0,0.0,0.0,1.0,,,,,,,,,,,,
S2A_MSIL2A_20230327T184001_R070_T11SLB_20230328T011726,2023-03-27,2A,11SLB,6.3,952,0.0,0.0,1.0,0.0,,,,,,,,,,,,
S2B_MSIL2A_20230401T183929_R070_T11SLB_20230402T013246,2023-04-01,2B,11SLB,17.7,952,0.0,0.0,1.0,0.0,,,,,,,,,,,,
S2A_MSIL2A_20230406T183921_R070_T11SLB_20230407T023319,2023-04-06,2A,11SLB,0.2,952,0.0,0.0,1.0,0.0,,,,,,,,,,,,
S2B_MSIL2A_20230411T183919_R070_T11SLB_20240827T144431,2023-04-11,2B,11SLB,30.6,952,0.0,0.0,1.0,0.0,,,,,,,,,,,,
S2B_MSIL2A_20230421T183919_R070_T11SLB_20230422T023034,2023-04-21,2B,11SLB,5.5,952,0.0,0.0,1.0,0.0,,,,,,,,,,,,
S2A_MSIL2A_20230426T183921_R070_T11SLB_20230427T035845,2023-04-26,2A,11SLB,0.0,952,0.0,0.0,1.0,0.0,,,,,,,,,,,,
S2B_MSIL2A_20230501T183919_R070_T11SLB_20240901T010922,2023-05-01,2B,11SLB,35.1,952,0.0,0.0,0.03,0.97,,,,,,,,,,,,
S2A_MSIL2A_20230506T183921_R070_T11SLB_20230507T025013,2023-05-06,2A,11SLB,60.6,952,0.0,0.0,0.002,0.998,,,,,,,,,,,,
S2B_MSIL2A_20230511T183919_R070_T11SLB_20230512T023329,2023-05-11,2B,11SLB,0.4,952,0.0,0.0,1.0,0.0,,,,,,,,,,,,
S2A_MSIL2A_20230516T183921_R070_T11SLB_20230517T033155,2023-05-16,2A,11SLB,34.8,952,0.0,0.0,1.0,0.0,,,,,,,,,,,,
S2B_MSIL2A_20230521T183929_R070_T11SLB_20230522T022547,2023-05-21,2B,11SLB,36.7,952,0.0,0.0,1.0,0.0,,,,,,,,,,,,
S2A_MSIL2A_20230526T183921_R070_T11SLB_20230527T022729,2023-05-26,2A,11SLB,43.5,952,0.0,0.017,0.983,0.0,,,,,,,,,,,,
S2B_MSIL2A_20230531T183919_R070_T11SLB_20240909T014906,2023-05-31,2B,11SLB,40.2,952,0.0,0.0,1.0,0.0,,,,,,,,,,,,
S2A_MSIL2A_20230605T183921_R070_T11SLB_20240913T054917,2023-06-05,2A,11SLB,39.6,952,0.0,0.0,1.0,0.0,,,,,,,,,,,,
S2A_MSIL2A_20230615T183921_R070_T11SLB_20230616T034708,2023-06-15,2A,11SLB,32.7,952,0.0,0.0,1.0,0.0,,,,,,,,,,,,
S2B_MSIL2A_20230620T183919_R070_T11SLB_20230621T020534,2023-06-20,2B,11SLB,4.7,952,0.0,0.0,1.0,0.0,,,,,,,,,,,,
S2A_MSIL2A_20230625T183921_R070_T11SLB_20240814T070008,2023-06-25,2A,11SLB,2.0,952,0.0,0.0,1.0,0.0,,,,,,,,,,,,
S2B_MSIL2A_20230630T183929_R070_T11SLB_20230701T023549,2023-06-30,2B,11SLB,0.0,952,0.0,0.0,1.0,0.0,,,,,,,,,,,,
S2A_MSIL2A_20230705T183921_R070_T11SLB_20230706T015732,2023-07-05,2A,11SLB,0.1,952,0.0,0.0,1.0,0.0,,,,,,,,,,,,
S2B_MSIL2A_20230710T183929_R070_T11SLB_20230711T032150,2023-07-10,2B,11SLB,0.0,952,0.0,0.001,0.999,0.0,,,,,,,,,,,,
S2A_MSIL2A_20230715T183921_R070_T11SLB_20230716T033823,2023-07-15,2A,11SLB,0.0,952,0.0,0.003,0.997,0.0,,,,,,,,,,,,
S2B_MSIL2A_20230720T183929_R070_T11SLB_20241029T194923,2023-07-20,2B,11SLB,1.4,952,0.0,0.022,0.978,0.0,,,,,,,,,,,,
S2A_MSIL2A_20230725T183921_R070_T11SLB_20240906T154600,2023-07-25,2A,11SLB,9.0,952,0.0,0.304,0.695,0.0,,,,,,,,,,,,
S2B_MSIL2A_20230730T183929_R070_T11SLB_20230731T014743,2023-07-30,2B,11SLB,6.9,952,0.0,0.608,0.242,0.12,0.0776,0.0775,0.0765,0.0759,0.0848,0.0916,0.0603,0.147,109.22,7.0,#aa9e94,0.2219
S2A_MSIL2A_20230804T183921_R070_T11SLB_20230805T030830,2023-08-04,2A,11SLB,0.2,952,0.0,1.0,0.0,0.0,0.0067,0.00335,0.0057,-0.00015,-0.0001,0.002,0.0083,0.084,,,,
S2B_MSIL2A_20230809T183929_R070_T11SLB_20240823T015144,2023-08-09,2B,11SLB,0.2,952,0.0,1.0,0.0,0.0,-0.0017,0.0008,-0.0001,-0.0058,-0.0069,-0.004,0.00465,0.098,,,,
S2A_MSIL2A_20230814T183921_R070_T11SLB_20240912T064001,2023-08-14,2A,11SLB,38.7,952,0.0,0.049,0.0,0.671,,,,,,,,,,,,
S2A_MSIL2A_20230824T183921_R070_T11SLB_20240913T190319,2023-08-24,2A,11SLB,54.3,952,0.0,0.029,0.0,0.694,,,,,,,,,,,,
S2B_MSIL2A_20230829T183929_R070_T11SLB_20240821T160323,2023-08-29,2B,11SLB,0.1,952,0.0,1.0,0.0,0.0,0.0062,0.0072,0.0037,-0.002,-0.0028,-0.0014,0.00535,0.08,,,,
S2A_MSIL2A_20230903T183921_R070_T11SLB_20230904T045448,2023-09-03,2A,11SLB,60.9,952,0.0,0.172,0.0,0.828,,,,,,,,,,,,
S2B_MSIL2A_20230908T183919_R070_T11SLB_20240824T172409,2023-09-08,2B,11SLB,1.3,952,0.0,1.0,0.0,0.0,0.009,0.0098,0.0066,0.0008,0.0003,0.0012,0.007,0.07,,,,
S2A_MSIL2A_20230913T184001_R070_T11SLB_20241104T103229,2023-09-13,2A,11SLB,10.9,952,0.0,1.0,0.0,0.0,0.011,0.0069,0.0059,0.0,-0.00025,0.0006,0.006,0.077,,,,
S2B_MSIL2A_20230918T183939_R070_T11SLB_20230919T031731,2023-09-18,2B,11SLB,1.5,952,0.0,1.0,0.0,0.0,0.0099,0.0098,0.00535,-0.0001,-0.00095,-0.0001,0.00505,0.077,222.57,2.0,#00a4ff,0.0
S2A_MSIL2A_20230923T184111_R070_T11SLB_20230924T024444,2023-09-23,2A,11SLB,0.0,952,0.0,0.999,0.0,0.0,0.0081,0.0046,0.004,-0.0012,-0.0018,-0.0005,0.0054,0.076,,,,
S2B_MSIL2A_20230928T184049_R070_T11SLB_20241104T020942,2023-09-28,2B,11SLB,0.0,952,0.0,0.998,0.0,0.0,0.0018,0.0027,-0.0009,-0.0049,-0.0056,-0.0044,0.0041,0.101,,,,
S2A_MSIL2A_20231003T184221_R070_T11SLB_20231004T021121,2023-10-03,2A,11SLB,3.1,952,0.0,1.0,0.0,0.0,-0.0011,-0.003,-0.0011,-0.0039,-0.0045,-0.002,0.0038,0.083,,,,
S2A_MSIL2A_20231013T184321_R070_T11SLB_20231014T012455,2023-10-13,2A,11SLB,38.2,952,0.0,0.935,0.0,0.0,0.0483,0.0432,0.0453,0.04235,0.0447,0.04995,0.0436,0.038,,,,
S2B_MSIL2A_20231018T184359_R070_T11SLB_20241107T001142,2023-10-18,2B,11SLB,0.0,952,0.0,1.0,0.0,0.0,0.0036,0.005,0.0019,-0.0027,-0.0035,-0.0029,0.0038,0.073,,,,
S2A_MSIL2A_20231023T184431_R070_T11SLB_20240829T142519,2023-10-23,2A,11SLB,37.9,952,0.0,0.008,0.0,0.886,,,,,,,,,,,,
S2B_MSIL2A_20231028T184459_R070_T11SLB_20241031T003724,2023-10-28,2B,11SLB,1.3,952,0.0,1.0,0.0,0.0,-0.0005,0.0033,0.0017,-0.0026,-0.0031,-0.0021,0.0039,0.064,,,,
S2A_MSIL2A_20231102T184531_R070_T11SLB_20241022T213142,2023-11-02,2A,11SLB,5.2,952,0.0,0.999,0.0,0.0,0.0123,0.0103,0.0113,0.0066,0.0067,0.0089,0.0134,0.067,,,,
S2B_MSIL2A_20231107T184559_R070_T11SLB_20241112T092502,2023-11-07,2B,11SLB,25.6,952,0.0,0.795,0.0,0.2,0.0489,0.0349,0.0273,0.0191,0.0174,0.019,0.0112,0.038,225.52,2.0,#88a1cb,-0.1206
S2A_MSIL2A_20231112T184621_R070_T11SLB_20231112T223547,2023-11-12,2A,11SLB,4.5,952,0.0,0.949,0.0,0.0,0.0101,0.0166,0.0272,0.0284,0.0311,0.0393,0.0255,0.087,,,,
S2B_MSIL2A_20231117T184649_R070_T11SLB_20240902T054928,2023-11-17,2B,11SLB,30.4,952,0.0,0.989,0.0,0.0,-0.0084,0.0016,0.0062,0.0059,0.0066,0.0116,0.0086,0.07,,,,
S2A_MSIL2A_20231122T184701_R070_T11SLB_20231122T230826,2023-11-22,2A,11SLB,11.6,952,0.0,0.798,0.17,0.0,0.0568,0.0677,0.075,0.0742,0.0771,0.0898,0.0391,0.087,46.58,15.0,#b29e6f,0.0397
S2B_MSIL2A_20231127T184719_R070_T11SLB_20231127T223819,2023-11-27,2B,11SLB,11.2,952,0.0,0.836,0.164,0.0,0.0134,0.02715,0.0334,0.03205,0.02965,0.0297,0.0043,0.08,49.09,15.0,#b19f60,-0.0452
S2A_MSIL2A_20240301T184311_R070_T11SLB_20240302T021858,2024-03-01,2A,11SLB,61.0,952,0.0,0.0,0.0,1.0,,,,,,,,,,,,
S2B_MSIL2A_20240306T184229_R070_T11SLB_20240307T003335,2024-03-06,2B,11SLB,33.1,952,0.0,0.0,0.3,0.7,,,,,,,,,,,,
S2A_MSIL2A_20240311T184151_R070_T11SLB_20240313T195100,2024-03-11,2A,11SLB,3.8,952,0.0,0.0,1.0,0.0,,,,,,,,,,,,
S2B_MSIL2A_20240316T184019_R070_T11SLB_20240317T004627,2024-03-16,2B,11SLB,55.6,952,0.0,0.0,0.776,0.224,,,,,,,,,,,,
S2A_MSIL2A_20240321T184041_R070_T11SLB_20240322T011942,2024-03-21,2A,11SLB,0.2,952,0.0,0.0,1.0,0.0,,,,,,,,,,,,
S2B_MSIL2A_20240326T183929_R070_T11SLB_20240327T004021,2024-03-26,2B,11SLB,11.7,952,0.0,0.0,1.0,0.0,,,,,,,,,,,,
S2A_MSIL2A_20240410T183921_R070_T11SLB_20240411T021528,2024-04-10,2A,11SLB,0.2,952,0.0,0.0,1.0,0.0,,,,,,,,,,,,
S2B_MSIL2A_20240415T183919_R070_T11SLB_20240416T002402,2024-04-15,2B,11SLB,1.5,952,0.0,0.0,1.0,0.0,,,,,,,,,,,,
S2A_MSIL2A_20240420T183921_R070_T11SLB_20240421T061315,2024-04-20,2A,11SLB,34.8,952,0.0,0.0,0.913,0.087,,,,,,,,,,,,
S2B_MSIL2A_20240425T183919_R070_T11SLB_20240426T013757,2024-04-25,2B,11SLB,10.9,952,0.0,0.0,1.0,0.0,,,,,,,,,,,,
S2A_MSIL2A_20240510T183921_R070_T11SLB_20240511T010759,2024-05-10,2A,11SLB,34.7,952,0.0,0.0,1.0,0.0,,,,,,,,,,,,
S2B_MSIL2A_20240515T183919_R070_T11SLB_20240516T010937,2024-05-15,2B,11SLB,1.1,952,0.0,0.0,1.0,0.0,,,,,,,,,,,,
S2A_MSIL2A_20240520T183921_R070_T11SLB_20240521T022301,2024-05-20,2A,11SLB,6.5,952,0.0,0.0,1.0,0.0,,,,,,,,,,,,
S2B_MSIL2A_20240525T183919_R070_T11SLB_20240525T233441,2024-05-25,2B,11SLB,1.1,952,0.0,0.0,1.0,0.0,,,,,,,,,,,,
S2A_MSIL2A_20240530T183921_R070_T11SLB_20240531T022317,2024-05-30,2A,11SLB,1.0,952,0.0,0.001,0.999,0.0,,,,,,,,,,,,
S2B_MSIL2A_20240604T183919_R070_T11SLB_20240604T233510,2024-06-04,2B,11SLB,0.0,952,0.0,0.008,0.992,0.0,,,,,,,,,,,,
S2A_MSIL2A_20240609T183921_R070_T11SLB_20240610T024213,2024-06-09,2A,11SLB,11.4,952,0.0,0.029,0.967,0.0,,,,,,,,,,,,
S2B_MSIL2A_20240614T183919_R070_T11SLB_20240615T002747,2024-06-14,2B,11SLB,0.1,952,0.0,0.83,0.17,0.0,0.1211,0.1107,0.11375,0.10615,0.1067,0.0706,0.0168,0.117,97.06,8.0,#ab9d94,0.0031
S2A_MSIL2A_20240619T183921_R070_T11SLB_20240620T022227,2024-06-19,2A,11SLB,0.6,952,0.0,0.988,0.002,0.0,-0.001,-0.0019,0.0032,0.0004,0.0009,0.0046,0.0134,0.15,,,,
S2B_MSIL2A_20240624T183919_R070_T11SLB_20240625T002531,2024-06-24,2B,11SLB,10.4,952,0.0,0.805,0.0,0.193,0.004,0.004,0.0011,-0.0039,-0.00505,-0.0037,0.00725,0.14,,,,
S2A_MSIL2A_20240629T183921_R070_T11SLB_20240630T032308,2024-06-29,2A,11SLB,0.0,952,0.0,0.976,0.0,0.0,-0.0029,-0.0001,0.0018,-0.0005,-0.0015,0.0011,0.0176,0.208,,,,
S2B_MSIL2A_20240704T183919_R070_T11SLB_20240706T003845,2024-07-04,2B,11SLB,1.4,952,0.0,0.976,0.0,0.0,0.0203,0.0249,0.0203,0.0146,0.0144,0.0145,0.0207,0.121,,,,
S2A_MSIL2A_20240709T183921_R070_T11SLB_20240710T024635,2024-07-09,2A,11SLB,0.1,952,0.0,0.979,0.0,0.0,0.0254,0.0265,0.02555,0.019,0.0186,0.0193,0.024,0.13,172.38,5.0,#5fae9b,0.0
S2B_MSIL2A_20240714T183919_R070_T11SLB_20240715T003546,2024-07-14,2B,11SLB,45.8,952,0.0,0.979,0.0,0.0,0.0162,0.0142,0.0068,-0.00205,-0.0026,-0.0072,0.0079,0.24,,,,
S2A_MSIL2A_20240719T183921_R070_T11SLB_20240720T024754,2024-07-19,2A,11SLB,28.1,952,0.0,0.372,0.0,0.585,,,,,,,,,,,,
S2B_MSIL2A_20240724T183919_R070_T11SLB_20240725T080119,2024-07-24,2B,11SLB,29.9,952,0.0,0.971,0.0,0.0,0.0282,0.0252,0.016,0.0062,0.00575,-0.0002,0.0116,0.246,220.52,3.0,#01abea,0.0
S2A_MSIL2A_20240729T183921_R070_T11SLB_20240730T023050,2024-07-29,2A,11SLB,0.0,952,0.0,0.988,0.0,0.0,0.0226,0.0202,0.0181,0.0123,0.0113,0.012,0.0172,0.101,228.84,1.0,#269cff,0.0
S2A_MSIL2A_20240808T183921_R070_T11SLB_20240809T012502,2024-08-08,2A,11SLB,8.9,952,0.0,0.956,0.0,0.044,0.0219,0.0163,0.0138,0.0061,0.0057,0.0051,0.0089,0.094,223.3,2.0,#68a5db,0.0
S2B_MSIL2A_20240813T183919_R070_T11SLB_20240813T224159,2024-08-13,2B,11SLB,0.0,952,0.0,1.0,0.0,0.0,0.0145,0.01435,0.0099,0.0032,0.0024,0.0032,0.009,0.073,220.37,3.0,#00aff9,0.0
S2A_MSIL2A_20240818T183921_R070_T11SLB_20240819T015050,2024-08-18,2A,11SLB,0.0,952,0.0,0.999,0.0,0.0,0.0243,0.022,0.0199,0.0131,0.0125,0.0132,0.0171,0.073,220.03,3.0,#5ea7d7,0.0
S2B_MSIL2A_20240823T183919_R070_T11SLB_20240824T000559,2024-08-23,2B,11SLB,4.9,952,0.0,0.092,0.0,0.886,,,,,,,,,,,,
S2A_MSIL2A_20240828T183921_R070_T11SLB_20240829T011944,2024-08-28,2A,11SLB,0.0,952,0.0,1.0,0.0,0.0,0.0162,0.0123,0.0103,0.0025,0.0016,0.0018,0.0073,0.09,224.78,2.0,#63a5e2,0.0
S2B_MSIL2A_20240902T183919_R070_T11SLB_20240902T225006,2024-09-02,2B,11SLB,43.2,952,0.0,0.207,0.0,0.652,,,,,,,,,,,,
S2A_MSIL2A_20240907T183921_R070_T11SLB_20240908T014752,2024-09-07,2A,11SLB,40.7,952,0.0,0.121,0.0,0.816,,,,,,,,,,,,
S2B_MSIL2A_20240912T183919_R070_T11SLB_20240913T001358,2024-09-12,2B,11SLB,0.0,952,0.0,1.0,0.0,0.0,0.0095,0.0102,0.0064,-0.0009,-0.0019,-0.001,0.0058,0.073,216.75,3.0,#00b2f1,0.0
S2B_MSIL2A_20240922T184009_R070_T11SLB_20240922T225505,2024-09-22,2B,11SLB,7.5,952,0.0,1.0,0.0,0.0,0.017,0.0165,0.0106,0.003,0.0017,0.0018,0.0063,0.084,213.12,3.0,#3bacd1,0.0
S2A_MSIL2A_20240927T184141_R070_T11SLB_20240928T001552,2024-09-27,2A,11SLB,0.0,952,0.0,1.0,0.0,0.0,0.0095,0.0065,0.0054,-0.001,-0.0018,-0.0007,0.006,0.073,,,,
S2B_MSIL2A_20241002T184119_R070_T11SLB_20241003T000142,2024-10-02,2B,11SLB,0.0,952,0.0,1.0,0.0,0.0,0.0088,0.0095,0.0045,-0.002,-0.003,-0.0023,0.0048,0.084,,,,
S2A_MSIL2A_20241007T184251_R070_T11SLB_20241007T231249,2024-10-07,2A,11SLB,51.2,952,0.0,0.0,0.0,1.0,,,,,,,,,,,,
S2B_MSIL2A_20241012T184229_R070_T11SLB_20241012T235149,2024-10-12,2B,11SLB,0.0,952,0.0,1.0,0.0,0.0,0.0078,0.0093,0.00485,-0.001,-0.0018,-0.0011,0.0049,0.063,,,,
S2B_MSIL2A_20241022T184339_R070_T11SLB_20241022T230538,2024-10-22,2B,11SLB,0.0,952,0.0,1.0,0.0,0.0,0.0065,0.0083,0.0044,-0.0016,-0.0026,-0.0016,0.0045,0.063,,,,
S2A_MSIL2A_20241027T184501_R070_T11SLB_20241027T220048,2024-10-27,2A,11SLB,59.2,952,0.0,0.841,0.0,0.159,0.0075,0.0051,0.0053,-0.0002,-0.0014,-0.0002,0.0065,0.084,,,,
S2B_MSIL2A_20241101T184439_R070_T11SLB_20241102T030932,2024-11-01,2B,11SLB,15.5,952,0.0,0.938,0.0,0.0,0.0475,0.0551,0.0541,0.0513,0.0535,0.0619,0.0463,0.094,83.9,9.0,#98a75f,0.1803
S2A_MSIL2A_20241106T184551_R070_T11SLB_20241106T223151,2024-11-06,2A,11SLB,1.3,952,0.0,0.998,0.0,0.0,-0.0019,-0.002,0.0031,0.0001,-0.0008,0.0023,0.0103,0.09,,,,
S2B_MSIL2A_20241111T184519_R070_T11SLB_20241111T212349,2024-11-11,2B,11SLB,53.9,952,0.0,0.412,0.0,0.534,,,,,,,,,,,,
S2A_MSIL2A_20241116T184641_R070_T11SLB_20241116T222659,2024-11-16,2A,11SLB,2.4,952,0.0,0.946,0.054,0.0,-0.0025,-0.002,0.0077,0.0045,0.0029,0.0073,0.0034,0.038,,,,
S2B_MSIL2A_20241121T184609_R070_T11SLB_20241121T210927,2024-11-21,2B,11SLB,0.7,952,0.0,0.869,0.008,0.123,-0.0108,-0.0041,-0.0036,-0.0062,-0.0072,-0.0048,0.0035,0.084,,,,
S2B_MSIL2A_20250301T184219_R070_T11SLB_20250301T223204,2025-03-01,2B,11SLB,6.6,952,0.0,0.0,1.0,0.0,,,,,,,,,,,,
S2C_MSIL2A_20250306T184301_R070_T11SLB_20250306T232811,2025-03-06,2C,11SLB,30.7,952,0.0,0.0,0.883,0.117,,,,,,,,,,,,
S2B_MSIL2A_20250311T184059_R070_T11SLB_20250311T223810,2025-03-11,2B,11SLB,20.4,952,0.0,0.0,0.737,0.263,,,,,,,,,,,,
S2C_MSIL2A_20250316T184141_R070_T11SLB_20250317T002414,2025-03-16,2C,11SLB,10.5,952,0.0,0.0,1.0,0.0,,,,,,,,,,,,
S2B_MSIL2A_20250321T183949_R070_T11SLB_20250321T233525,2025-03-21,2B,11SLB,17.9,952,0.0,0.0,0.575,0.425,,,,,,,,,,,,
S2C_MSIL2A_20250326T184031_R070_T11SLB_20250326T234817,2025-03-26,2C,11SLB,1.0,952,0.0,0.0,1.0,0.0,,,,,,,,,,,,
S2A_MSIL2A_20250328T184821_R070_T11SLB_20250329T025214,2025-03-28,2A,11SLB,26.7,952,0.0,0.0,1.0,0.0,,,,,,,,,,,,
S2C_MSIL2A_20250405T183941_R070_T11SLB_20250406T012006,2025-04-05,2C,11SLB,1.6,952,0.0,0.0,1.0,0.0,,,,,,,,,,,,
S2B_MSIL2A_20250410T183919_R070_T11SLB_20250410T222621,2025-04-10,2B,11SLB,1.6,952,0.0,0.0,1.0,0.0,,,,,,,,,,,,
S2C_MSIL2A_20250415T183941_R070_T11SLB_20250416T004212,2025-04-15,2C,11SLB,40.5,952,0.0,0.016,0.091,0.893,,,,,,,,,,,,
S2A_MSIL2A_20250417T184821_R070_T11SLB_20250418T022513,2025-04-17,2A,11SLB,21.9,952,0.0,0.0,1.0,0.0,,,,,,,,,,,,
S2B_MSIL2A_20250420T183919_R070_T11SLB_20250420T222752,2025-04-20,2B,11SLB,0.1,952,0.0,0.0,1.0,0.0,,,,,,,,,,,,
S2C_MSIL2A_20250425T183941_R070_T11SLB_20250425T235015,2025-04-25,2C,11SLB,52.7,952,0.0,0.0,1.0,0.0,,,,,,,,,,,,
S2C_MSIL2A_20250505T183941_R070_T11SLB_20250505T230918,2025-05-05,2C,11SLB,35.8,952,0.0,0.056,0.319,0.625,,,,,,,,,,,,
S2A_MSIL2A_20250507T184821_R070_T11SLB_20250507T220715,2025-05-07,2A,11SLB,0.0,952,0.0,0.0,1.0,0.0,,,,,,,,,,,,
S2B_MSIL2A_20250510T183919_R070_T11SLB_20250510T220128,2025-05-10,2B,11SLB,8.3,952,0.0,0.007,0.569,0.423,,,,,,,,,,,,
S2C_MSIL2A_20250515T183941_R070_T11SLB_20250515T233917,2025-05-15,2C,11SLB,4.6,952,0.0,0.0,1.0,0.0,,,,,,,,,,,,
S2B_MSIL2A_20250520T183919_R070_T11SLB_20250520T223512,2025-05-20,2B,11SLB,0.0,952,0.0,0.0,1.0,0.0,,,,,,,,,,,,
S2C_MSIL2A_20250525T183941_R070_T11SLB_20250525T225714,2025-05-25,2C,11SLB,0.1,952,0.0,0.001,0.999,0.0,,,,,,,,,,,,
S2A_MSIL2A_20250527T184831_R070_T11SLB_20250528T012214,2025-05-27,2A,11SLB,4.3,952,0.0,0.004,0.996,0.0,,,,,,,,,,,,
S2B_MSIL2A_20250530T183919_R070_T11SLB_20250530T222847,2025-05-30,2B,11SLB,2.2,952,0.0,0.173,0.827,0.0,,,,,,,,,,,,
S2C_MSIL2A_20250604T183941_R070_T11SLB_20250605T011214,2025-06-04,2C,11SLB,19.8,952,0.0,0.359,0.0,0.641,,,,,,,,,,,,
S2B_MSIL2A_20250609T183919_R070_T11SLB_20250609T223027,2025-06-09,2B,11SLB,24.6,952,0.0,0.93,0.021,0.044,0.005,-0.002,-0.0025,-0.0068,-0.005,-0.0035,0.0081,0.157,,,,
S2C_MSIL2A_20250614T183941_R070_T11SLB_20250614T231215,2025-06-14,2C,11SLB,10.6,952,0.0,0.942,0.0,0.0,0.0035,0.0096,0.0125,0.0107,0.011,0.016,0.0299,0.166,,,,
S2A_MSIL2A_20250616T184831_R070_T11SLB_20250617T053724,2025-06-16,2A,11SLB,0.0,952,0.0,0.955,0.0,0.0,0.0345,0.0378,0.0373,0.0316,0.0313,0.0331,0.0304,0.121,141.44,6.0,#80aa84,-0.1429
S2B_MSIL2A_20250619T183919_R070_T11SLB_20250619T223631,2025-06-19,2B,11SLB,0.4,952,0.0,0.952,0.0,0.0,0.0363,0.0431,0.0389,0.0333,0.03215,0.0336,0.03665,0.111,154.6,6.0,#00b77d,0.0
S2C_MSIL2A_20250624T183941_R070_T11SLB_20250625T001021,2025-06-24,2C,11SLB,17.4,952,0.0,0.288,0.0,0.671,,,,,,,,,,,,
S2B_MSIL2A_20250629T183919_R070_T11SLB_20250629T223247,2025-06-29,2B,11SLB,0.1,952,0.0,0.981,0.0,0.0,0.0181,0.0212,0.0182,0.0116,0.0105,0.012,0.0194,0.134,,,,
S2C_MSIL2A_20250704T183941_R070_T11SLB_20250705T001219,2025-07-04,2C,11SLB,0.0,952,0.0,0.958,0.0,0.0,0.0384,0.0416,0.0402,0.03405,0.033,0.0341,0.0406,0.124,,,,
S2A_MSIL2A_20250706T184831_R070_T11SLB_20250706T215715,2025-07-06,2A,11SLB,0.0,952,0.0,0.984,0.0,0.0,0.0246,0.0211,0.0205,0.0133,0.0125,0.014,0.018,0.111,226.28,2.0,#75a2dd,0.0
S2B_MSIL2A_20250709T183919_R070_T11SLB_20250709T234451,2025-07-09,2B,11SLB,1.6,952,0.0,0.959,0.0,0.0,0.0346,0.0388,0.0347,0.0275,0.0261,0.0274,0.0311,0.097,177.26,5.0,#3fb1a1,0.0
S2C_MSIL2A_20250714T183941_R070_T11SLB_20250715T000814,2025-07-14,2C,11SLB,0.5,952,0.0,0.936,0.0,0.0,0.0247,0.0248,0.0212,0.0146,0.0128,0.0114,0.026,0.246,,,,
S2B_MSIL2A_20250719T183919_R070_T11SLB_20250719T223322,2025-07-19,2B,11SLB,27.5,952,0.0,0.788,0.0,0.161,0.046,0.0381,0.03065,0.0206,0.0226,0.0239,0.0298,0.166,230.82,1.0,#007fff,0.0
S2C_MSIL2A_20250724T183941_R070_T11SLB_20250725T000814,2025-07-24,2C,11SLB,0.5,952,0.0,0.999,0.0,0.0,0.0161,0.0131,0.0116,0.0055,0.005,0.0066,0.0152,0.084,,,,
S2A_MSIL2A_20250726T184831_R070_T11SLB_20250727T003916,2025-07-26,2A,11SLB,12.5,952,0.0,0.581,0.0,0.391,0.0228,0.0159,0.0131,0.0035,0.0026,0.0016,0.0085,0.114,226.25,2.0,#65a4e7,0.0
S2B_MSIL2A_20250729T183919_R070_T11SLB_20250729T224016,2025-07-29,2B,11SLB,1.2,952,0.0,0.774,0.0,0.127,0.0092,0.009,0.0048,-0.0012,-0.002,-0.0015,0.008,0.114,,,,
S2C_MSIL2A_20250803T183941_R070_T11SLB_20250803T234505,2025-08-03,2C,11SLB,0.0,952,0.0,0.999,0.0,0.0,0.0217,0.0218,0.0192,0.0135,0.0125,0.0145,0.0221,0.077,,,,
S2B_MSIL2A_20250808T183919_R070_T11SLB_20250808T223716,2025-08-08,2B,11SLB,0.0,952,0.0,1.0,0.0,0.0,0.0122,0.0128,0.0087,0.00165,0.0008,0.0016,0.0077,0.073,215.96,3.0,#00b0e8,0.0
S2C_MSIL2A_20250813T183941_R070_T11SLB_20250813T234116,2025-08-13,2C,11SLB,10.9,952,0.0,0.705,0.0,0.157,0.0242,0.0201,0.0185,0.0101,0.0101,0.0102,0.0193,0.09,,,,
S2A_MSIL2A_20250815T184831_R070_T11SLB_20250815T214915,2025-08-15,2A,11SLB,7.0,952,0.0,0.93,0.0,0.07,0.0274,0.0235,0.0208,0.0118,0.0112,0.0112,0.0154,0.087,217.67,3.0,#66a7ce,0.0
S2B_MSIL2A_20250818T183919_R070_T11SLB_20250818T222742,2025-08-18,2B,11SLB,0.0,952,0.0,1.0,0.0,0.0,0.0139,0.0149,0.01,0.0035,0.0024,0.0034,0.0093,0.077,216.47,3.0,#00b2f3,0.0
S2B_MSIL2A_20250828T183919_R070_T11SLB_20250829T062027,2025-08-28,2B,11SLB,10.8,952,0.0,1.0,0.0,0.0,0.05955,0.0613,0.0532,0.038,0.0371,0.02865,0.0115,0.249,181.55,5.0,#97a29d,-0.0173
S2C_MSIL2A_20250902T183941_R070_T11SLB_20250902T232813,2025-09-02,2C,11SLB,56.5,952,0.0,0.022,0.0,0.978,,,,,,,,,,,,
S2A_MSIL2A_20250904T184831_R070_T11SLB_20250904T220018,2025-09-04,2A,11SLB,27.6,952,0.0,0.935,0.0,0.0,0.0467,0.038,0.0361,0.0293,0.0324,0.0315,0.03455,0.137,234.55,1.0,#4f79ff,0.0
S2B_MSIL2A_20250907T183919_R070_T11SLB_20250907T224208,2025-09-07,2B,11SLB,3.4,952,0.0,1.0,0.0,0.0,0.069,0.06605,0.0558,0.04035,0.0378,0.0308,0.0136,0.104,197.91,4.0,#95a2a4,-0.05
S2C_MSIL2A_20250912T184001_R070_T11SLB_20250913T004015,2025-09-12,2C,11SLB,54.5,952,0.0,0.04,0.0,0.92,,,,,,,,,,,,
S2B_MSIL2A_20250917T183919_R070_T11SLB_20250917T234521,2025-09-17,2B,11SLB,0.1,952,0.0,1.0,0.0,0.0,0.018,0.0172,0.0122,0.0038,0.0025,0.0023,0.006,0.097,208.47,4.0,#56abc4,0.0
S2C_MSIL2A_20250922T184121_R070_T11SLB_20250922T232800,2025-09-22,2C,11SLB,4.5,952,0.0,1.0,0.0,0.0,0.008,0.0067,0.0055,-0.0007,-0.0013,0.0,0.0092,0.08,,,,
S2A_MSIL2A_20250924T184831_R070_T11SLB_20250924T220613,2025-09-24,2A,11SLB,17.1,952,0.0,0.684,0.0,0.227,0.0288,0.0233,0.0227,0.013,0.0126,0.0151,0.0224,0.08,,,#493aff,0.0
S2B_MSIL2A_20250927T184039_R070_T11SLB_20250927T234438,2025-09-27,2B,11SLB,26.5,952,0.0,0.907,0.0,0.093,0.0109,0.0114,0.0071,-0.0001,-0.001,-0.001,0.0051,0.08,212.79,3.0,#00aed7,0.0
S2C_MSIL2A_20251002T184231_R070_T11SLB_20251002T233322,2025-10-02,2C,11SLB,13.6,952,0.0,0.089,0.0,0.895,,,,,,,,,,,,
S2A_MSIL2A_20251004T184831_R070_T11SLB_20251004T215716,2025-10-04,2A,11SLB,7.6,952,0.0,1.0,0.0,0.0,0.0077,0.0048,0.005,-0.0013,-0.002,-0.0014,0.0043,0.073,,,#887fff,0.0
S2B_MSIL2A_20251007T184149_R070_T11SLB_20251007T233707,2025-10-07,2B,11SLB,0.0,952,0.0,1.0,0.0,0.0,0.007,0.0086,0.0053,-0.0014,-0.0023,-0.0019,0.0042,0.073,203.96,4.0,#00b2cb,0.0
S2C_MSIL2A_20251012T184341_R070_T11SLB_20251012T220220,2025-10-12,2C,11SLB,0.1,952,0.0,1.0,0.0,0.0,0.0055,0.006,0.0056,-0.0001,-0.0003,0.0012,0.0092,0.063,,,,
S2B_MSIL2A_20251017T184259_R070_T11SLB_20251017T223002,2025-10-17,2B,11SLB,0.0,952,0.0,1.0,0.0,0.0,-0.05955,-0.0458,-0.0352,-0.0312,-0.0311,-0.0206,0.0,0.127,,,,
S2A_MSIL2A_20251024T184831_R070_T11SLB_20251024T214521,2025-10-24,2A,11SLB,0.0,952,0.0,1.0,0.0,0.0,-0.0058,-0.0047,-0.0005,-0.0049,-0.0052,-0.0031,0.0036,0.07,,,,
S2B_MSIL2A_20251027T184359_R070_T11SLB_20251027T223153,2025-10-27,2B,11SLB,0.0,952,0.0,1.0,0.0,0.0,-0.0039,0.0012,0.0009,-0.0038,-0.0045,-0.0028,0.0035,0.063,,,,
S2C_MSIL2A_20251101T184541_R070_T11SLB_20251101T212412,2025-11-01,2C,11SLB,0.0,952,0.0,1.0,0.0,0.0,-0.0035,-0.0023,0.0004,-0.0036,-0.0038,-0.0019,0.0071,0.063,,,,
S2B_MSIL2A_20251106T184459_R070_T11SLB_20251106T222434,2025-11-06,2B,11SLB,0.0,952,0.0,1.0,0.0,0.0,-0.0115,-0.0047,-0.0027,-0.0055,-0.0058,-0.0037,0.00215,0.066,,,,
S2C_MSIL2A_20251111T184631_R070_T11SLB_20251111T213312,2025-11-11,2C,11SLB,30.4,952,0.0,0.935,0.0,0.0,0.0559,0.05685,0.0577,0.0547,0.0576,0.0653,0.05,0.077,101.58,8.0,#a1a287,0.2358
S2A_MSIL2A_20251113T184831_R070_T11SLB_20251113T214510,2025-11-13,2A,11SLB,51.2,952,0.0,0.008,0.0,0.992,,,,,,,,,,,,
S2B_MSIL2A_20251126T184619_R070_T11SLB_20251126T215900,2025-11-26,2B,11SLB,0.0,952,0.0,0.525,0.474,0.0,0.09915,0.09175,0.0954,0.0939,0.12855,0.0749,0.0003,0.134,55.26,14.0,#ae9d92,0.1562
S2C_MSIL2A_20260301T184311_R070_T11SLB_20260301T232510,2026-03-01,2C,11SLB,6.4,952,0.0,0.0,0.957,0.043,,,,,,,,,,,,
S2B_MSIL2A_20260306T184139_R070_T11SLB_20260307T000311,2026-03-06,2B,11SLB,0.1,952,0.0,0.0,1.0,0.0,,,,,,,,,,,,
S2C_MSIL2A_20260311T184201_R070_T11SLB_20260311T232310,2026-03-11,2C,11SLB,0.0,952,0.0,0.0,1.0,0.0,,,,,,,,,,,,
S2B_MSIL2A_20260316T185059_R070_T11SLB_20260316T223455,2026-03-16,2B,11SLB,6.8,952,0.0,0.0,1.0,0.0,,,,,,,,,,,,
S2B_MSIL2A_20260326T183919_R070_T11SLB_20260326T235923,2026-03-26,2B,11SLB,31.8,952,0.0,0.0,1.0,0.0,,,,,,,,,,,,
S2B_MSIL2A_20260405T183919_R070_T11SLB_20260405T235650,2026-04-05,2B,11SLB,3.0,952,0.0,0.0,1.0,0.0,,,,,,,,,,,,
S2C_MSIL2A_20260410T183921_R070_T11SLB_20260410T235955,2026-04-10,2C,11SLB,58.6,952,0.0,0.068,0.0,0.932,,,,,,,,,,,,
S2A_MSIL2A_20260412T184831_R070_T11SLB_20260413T023809,2026-04-12,2A,11SLB,51.3,952,0.0,0.0,0.0,1.0,,,,,,,,,,,,
S2B_MSIL2A_20260415T183919_R070_T11SLB_20260415T224151,2026-04-15,2B,11SLB,41.1,952,0.0,0.0,1.0,0.0,,,,,,,,,,,,
S2C_MSIL2A_20260420T183921_R070_T11SLB_20260421T000409,2026-04-20,2C,11SLB,19.6,952,0.0,0.0,1.0,0.0,,,,,,,,,,,,
S2C_MSIL2A_20260430T183921_R070_T11SLB_20260430T235212,2026-04-30,2C,11SLB,8.5,952,0.0,0.0,1.0,0.0,,,,,,,,,,,,
S2A_MSIL2A_20260502T184831_R070_T11SLB_20260503T024900,2026-05-02,2A,11SLB,45.8,952,0.0,0.0,0.0,1.0,,,,,,,,,,,,
S2C_MSIL2A_20260510T183921_R070_T11SLB_20260511T003312,2026-05-10,2C,11SLB,0.0,952,0.0,0.0,1.0,0.0,,,,,,,,,,,,
S2B_MSIL2A_20260515T183919_R070_T11SLB_20260518T160719,2026-05-15,2B,11SLB,0.2,952,0.0,0.0,1.0,0.0,,,,,,,,,,,,
S2C_MSIL2A_20260520T183921_R070_T11SLB_20260521T064542,2026-05-20,2C,11SLB,24.2,952,0.0,0.0,1.0,0.0,,,,,,,,,,,,
S2A_MSIL2A_20260522T184831_R070_T11SLB_20260523T023713,2026-05-22,2A,11SLB,52.2,952,0.0,0.012,0.988,0.0,,,,,,,,,,,,
S2B_MSIL2A_20260525T183919_R070_T11SLB_20260525T223217,2026-05-25,2B,11SLB,13.0,952,0.0,0.19,0.808,0.0,,,,,,,,,,,,
S2C_MSIL2A_20260530T183921_R070_T11SLB_20260530T232508,2026-05-30,2C,11SLB,10.4,952,0.0,0.101,0.898,0.0,,,,,,,,,,,,
S2C_MSIL2A_20260609T183921_R070_T11SLB_20260609T232110,2026-06-09,2C,11SLB,0.0,952,0.0,0.941,0.029,0.0,0.0042,0.0012,0.0048,0.0044,0.0051,0.0092,0.0206,0.124,,,,
S2A_MSIL2A_20260611T184831_R070_T11SLB_20260612T023012,2026-06-11,2A,11SLB,1.0,952,0.0,0.997,0.003,0.0,-0.0128,-0.0124,-0.0082,-0.0101,-0.01,-0.0055,0.0045,0.111,,,,
S2B_MSIL2A_20260614T183919_R070_T11SLB_20260614T224241,2026-06-14,2B,11SLB,11.7,952,0.0,0.453,0.0,0.456,,,,,,,,,,,,
S2C_MSIL2A_20260619T183921_R070_T11SLB_20260619T233627,2026-06-19,2C,11SLB,3.7,952,0.0,0.947,0.0,0.0,0.0257,0.03265,0.03195,0.0285,0.02745,0.0313,0.0405,0.137,,,,
S2B_MSIL2A_20260624T183919_R070_T11SLB_20260624T222850,2026-06-24,2B,11SLB,1.4,952,0.0,0.973,0.0,0.0,0.0286,0.037,0.03375,0.02785,0.02745,0.0292,0.0331,0.104,169.26,5.0,#00bc95,0.0
S2C_MSIL2A_20260629T183921_R070_T11SLB_20260629T233012,2026-06-29,2C,11SLB,14.7,952,0.0,0.942,0.0,0.0,0.0389,0.0422,0.0385,0.0319,0.0313,0.0324,0.0404,0.124,,,,
S2A_MSIL2A_20260701T184831_R070_T11SLB_20260702T023007,2026-07-01,2A,11SLB,4.4,952,0.0,0.974,0.0,0.0,0.0287,0.0314,0.0302,0.0243,0.0244,0.0254,0.0295,0.114,153.73,6.0,#21b57f,0.0
S2B_MSIL2A_20260704T183919_R070_T11SLB_20260704T222709,2026-07-04,2B,11SLB,0.3,952,0.0,0.996,0.0,0.0,0.01215,0.01135,0.0073,0.0009,0.0002,0.0014,0.01,0.117,,,,
S2C_MSIL2A_20260709T183921_R070_T11SLB_20260709T232952,2026-07-09,2C,11SLB,0.5,952,0.0,0.997,0.0,0.0,0.0093,0.0055,0.005,-0.0012,-0.0011,0.0006,0.0124,0.097,,,,
S2B_MSIL2A_20260714T183919_R070_T11SLB_20260714T223147,2026-07-14,2B,11SLB,44.4,952,0.0,0.576,0.0,0.394,0.0445,0.03545,0.0233,0.0134,0.0128,0.00935,0.0204,0.17,227.74,1.0,#0098ff,0.0
S2C_MSIL2A_20260719T183921_R070_T11SLB_20260719T233121,2026-07-19,2C,11SLB,30.7,952,0.0,0.004,0.0,0.996,,,,,,,,,,,,
S2A_MSIL2A_20260721T184831_R070_T11SLB_20260722T025414,2026-07-21,2A,11SLB,42.3,952,0.0,0.0,0.0,1.0,,,,,,,,,,,,
S2B_MSIL2A_20260724T183919_R070_T11SLB_20260724T223143,2026-07-24,2B,11SLB,16.0,952,0.0,0.997,0.0,0.0,0.0251,0.0284,0.0229,0.0137,0.0138,0.0127,0.0199,0.124,196.11,4.0,#00b1bb,0.0
S2C_MSIL2A_20260729T183921_R070_T11SLB_20260729T233215,2026-07-29,2C,11SLB,0.0,952,0.0,0.988,0.0,0.0,0.015,0.0137,0.0124,0.0043,0.0034,0.0054,0.0153,0.094,,,,
S2B_MSIL2A_20260803T183919_R070_T11SLB_20260803T222619,2026-08-03,2B,11SLB,0.0,952,0.0,1.0,0.0,0.0,0.0135,0.0145,0.0098,0.00295,0.002,0.0027,0.0092,0.087,216.58,3.0,#00b3f4,0.0
S2C_MSIL2A_20260808T183921_R070_T11SLB_20260808T233201,2026-08-08,2C,11SLB,26.4,952,0.0,0.794,0.0,0.17,0.0304,0.02445,0.0207,0.01,0.0095,0.0087,0.0166,0.09,225.45,2.0,#59a5ea,0.0
S2A_MSIL2A_20260810T184831_R070_T11SLB_20260811T043612,2026-08-10,2A,11SLB,9.8,952,0.0,0.972,0.0,0.013,0.0309,0.0248,0.022,0.0146,0.0153,0.0151,0.0181,0.107,226.54,2.0,#62a4ea,0.0
S2C_MSIL2A_20260818T183921_R070_T11SLB_20260818T234111,2026-08-18,2C,11SLB,3.4,952,0.0,0.998,0.0,0.0,0.0094,0.0073,0.0068,0.0002,0.0,0.0013,0.0119,0.077,,,,
S2B_MSIL2A_20260823T183919_R070_T11SLB_20260823T222646,2026-08-23,2B,11SLB,1.5,952,0.0,0.982,0.0,0.0,0.0219,0.0218,0.0181,0.0121,0.0125,0.0143,0.0216,0.084,,,,
S2A_MSIL2A_20260830T184831_R070_T11SLB_20260831T044811,2026-08-30,2A,11SLB,0.0,952,0.0,1.0,0.0,0.0,0.0115,0.0088,0.0084,0.0018,0.0011,0.0018,0.007,0.074,229.99,1.0,#78a0ec,0.0
S2B_MSIL2A_20260902T183919_R070_T11SLB_20260902T235237,2026-09-02,2B,11SLB,0.0,952,0.0,1.0,0.0,0.0,0.0152,0.0165,0.0136,0.0067,0.00585,0.0068,0.01235,0.073,203.69,4.0,#00b1c8,0.0
S2C_MSIL2A_20260907T183921_R070_T11SLB_20260907T232614,2026-09-07,2C,11SLB,0.0,952,0.0,1.0,0.0,0.0,0.0081,0.0073,0.0066,0.0003,-0.0001,0.0011,0.0108,0.075,,,,
S2B_MSIL2A_20260912T183919_R070_T11SLB_20260912T235112,2026-09-12,2B,11SLB,0.0,952,0.0,1.0,0.0,0.0,0.0099,0.0113,0.0076,0.0013,0.00025,0.0011,0.0071,0.07,211.71,3.0,#00b5e7,0.0
S2C_MSIL2A_20260917T184021_R070_T11SLB_20260917T233814,2026-09-17,2C,11SLB,0.0,952,0.0,1.0,0.0,0.0,0.0108,0.0104,0.0093,0.003,0.0026,0.0042,0.0131,0.073,,,,
S2A_MSIL2A_20260919T184831_R070_T11SLB_20260920T023113,2026-09-19,2A,11SLB,0.0,952,0.0,1.0,0.0,0.0,0.0101,0.0071,0.0063,-0.0004,-0.0008,-0.0004,0.0059,0.073,235.02,1.0,#476fff,0.0
S2B_MSIL2A_20260922T184009_R070_T11SLB_20260923T000345,2026-09-22,2B,11SLB,10.4,952,0.0,0.937,0.0,0.063,0.0175,0.0168,0.0112,0.003,0.0016,0.0016,0.0063,0.084,212.0,3.0,#47abcd,0.0
S2B_MSIL2A_20261002T184209_R070_T11SLB_20261003T000506,2026-10-02,2B,11SLB,43.3,952,0.0,0.006,0.0,0.947,,,,,,,,,,,,
