id,date,sat,tile,cloud_cover,n_mask,f_nodata,f_water,f_ice,f_cloud,B01,B02,B03,B04,B05,B08,ndci,hue,fu,swatch
S2B_MSIL2A_20250301T184219_R070_T10SGH_20250301T223204,2025-03-01,2B,10SGH,0.8,674,0.0,0.0,1.0,0.0,,,,,,,,,,
S2C_MSIL2A_20250306T184301_R070_T11SKC_20250306T232811,2025-03-06,2C,11SKC,60.2,677,0.0,0.04,0.0,0.96,,,,,,,,,,
S2B_MSIL2A_20250311T184059_R070_T10SGH_20250311T223810,2025-03-11,2B,10SGH,0.2,674,0.0,0.0,1.0,0.0,,,,,,,,,,
S2C_MSIL2A_20250316T184141_R070_T11SKC_20250317T002414,2025-03-16,2C,11SKC,12.8,677,0.0,0.0,1.0,0.0,,,,,,,,,,
S2B_MSIL2A_20250321T183949_R070_T11SKC_20250321T233525,2025-03-21,2B,11SKC,69.0,677,0.0,0.0,0.462,0.538,,,,,,,,,,
S2C_MSIL2A_20250326T184031_R070_T11SKC_20250326T234817,2025-03-26,2C,11SKC,0.1,677,0.0,0.001,0.999,0.0,,,,,,,,,,
S2A_MSIL2A_20250328T184821_R070_T11SKC_20250329T025214,2025-03-28,2A,11SKC,51.3,677,0.0,0.012,0.0,0.988,,,,,,,,,,
S2C_MSIL2A_20250405T183941_R070_T11SKC_20250406T012006,2025-04-05,2C,11SKC,20.3,677,0.0,0.0,1.0,0.0,,,,,,,,,,
S2B_MSIL2A_20250410T183919_R070_T11SKC_20250410T222621,2025-04-10,2B,11SKC,20.9,677,0.0,0.021,0.979,0.0,,,,,,,,,,
S2C_MSIL2A_20250415T183941_R070_T10SGH_20250416T004212,2025-04-15,2C,10SGH,34.8,674,0.0,0.037,0.0,0.963,,,,,,,,,,
S2A_MSIL2A_20250417T184821_R070_T11SKC_20250418T022513,2025-04-17,2A,11SKC,47.3,677,0.0,0.0,0.0,1.0,,,,,,,,,,
S2B_MSIL2A_20250420T183919_R070_T11SKC_20250420T222752,2025-04-20,2B,11SKC,0.8,677,0.0,0.938,0.0,0.0,-0.0318,-0.0239,-0.0224,-0.0192,-0.0194,-0.0148,,,,
S2B_MSIL2A_20250430T183919_R070_T10SGH_20250430T205337,2025-04-30,2B,10SGH,38.5,674,0.0,0.0,0.0,1.0,,,,,,,,,,
S2C_MSIL2A_20250505T183941_R070_T10SGH_20250505T230918,2025-05-05,2C,10SGH,5.0,674,0.0,0.999,0.0,0.0,-0.0126,-0.0145,-0.0121,-0.0106,-0.0116,-0.0096,,,,
S2A_MSIL2A_20250507T184821_R070_T11SKC_20250507T220715,2025-05-07,2A,11SKC,0.0,677,0.0,0.996,0.0,0.0,-0.0151,-0.0171,-0.0145,-0.0133,-0.0153,-0.0141,,,,
S2B_MSIL2A_20250510T183919_R070_T10SGH_20250510T220128,2025-05-10,2B,10SGH,5.7,674,0.0,0.999,0.0,0.0,0.0008,0.002,-0.0012,-0.0017,-0.0025,-0.00315,,,,
S2C_MSIL2A_20250515T183941_R070_T10SGH_20250515T233917,2025-05-15,2C,10SGH,5.2,674,0.0,0.997,0.0,0.0,-0.0098,-0.01245,-0.0103,-0.0084,-0.0099,-0.0082,,,,
S2B_MSIL2A_20250520T183919_R070_T10SGH_20250520T223512,2025-05-20,2B,10SGH,0.0,674,0.0,0.93,0.0,0.0,0.0046,0.0076,0.0055,0.0048,0.004,0.005,-0.0909,132.98,7.0,#9aa38d
S2C_MSIL2A_20250525T183941_R070_T11SKC_20250525T225714,2025-05-25,2C,11SKC,2.0,677,0.0,0.684,0.0,0.0,-0.0078,-0.0072,-0.004,-0.0004,-0.0008,0.0024,,,,
S2A_MSIL2A_20250527T184831_R070_T11SKC_20250528T012214,2025-05-27,2A,11SKC,0.7,677,0.0,0.942,0.0,0.0,-0.001,-0.0046,-0.0024,-0.0019,-0.0028,-0.0045,,,,
S2B_MSIL2A_20250530T183919_R070_T10SGH_20250530T222847,2025-05-30,2B,10SGH,1.2,674,0.0,0.441,0.0,0.518,,,,,,,,,,
S2C_MSIL2A_20250604T183941_R070_T10SGH_20250605T011214,2025-06-04,2C,10SGH,8.0,674,0.0,0.715,0.0,0.0,0.0082,0.00615,0.0066,0.0067,0.0055,0.0031,-0.0984,,,#b09b9b
S2B_MSIL2A_20250609T183919_R070_T10SGH_20250609T223027,2025-06-09,2B,10SGH,9.4,674,0.0,0.924,0.0,0.0,-0.0049,-0.003,-0.0053,-0.006,-0.0076,-0.0089,,,,
S2C_MSIL2A_20250614T183941_R070_T11SKC_20250614T231215,2025-06-14,2C,11SKC,11.0,677,0.0,0.703,0.0,0.0,-0.0195,-0.01995,-0.0168,-0.01145,-0.0139,-0.0137,,,,
S2A_MSIL2A_20250616T184831_R070_T10SGH_20250617T053724,2025-06-16,2A,10SGH,0.1,674,0.0,0.92,0.0,0.0,0.0041,0.0019,0.0036,0.0036,0.0029,0.0011,-0.1077,,,#bd9793
S2B_MSIL2A_20250619T183919_R070_T10SGH_20250619T223631,2025-06-19,2B,10SGH,0.1,674,0.0,0.987,0.0,0.0,-0.0044,-0.00165,-0.0037,-0.0035,-0.00425,-0.0055,,,,
S2C_MSIL2A_20250624T183941_R070_T10SGH_20250625T001021,2025-06-24,2C,10SGH,15.3,674,0.0,0.846,0.0,0.0,0.0004,-0.0007,0.0005,0.001,-0.0013,-0.0028,,,,
S2B_MSIL2A_20250629T183919_R070_T10SGH_20250629T223247,2025-06-29,2B,10SGH,0.0,674,0.0,0.964,0.0,0.0,-0.0003,0.0025,-0.0012,-0.0013,-0.003,-0.0053,,,,
S2C_MSIL2A_20250704T183941_R070_T10SGH_20250705T001219,2025-07-04,2C,10SGH,0.0,674,0.0,0.912,0.0,0.0,-0.0007,-0.0035,-0.0013,0.0005,-0.001,-0.0019,,,,
S2A_MSIL2A_20250706T184831_R070_T11SKC_20250706T215715,2025-07-06,2A,11SKC,0.0,677,0.0,0.993,0.0,0.0,-0.0051,-0.0076,-0.0065,-0.0061,-0.0075,-0.0089,,,,
S2B_MSIL2A_20250709T183919_R070_T10SGH_20250709T234451,2025-07-09,2B,10SGH,0.0,674,0.0,0.996,0.0,0.0,-0.0082,-0.0053,-0.0083,-0.0085,-0.0095,-0.0104,,,,
S2C_MSIL2A_20250714T183941_R070_T11SKC_20250715T000814,2025-07-14,2C,11SKC,0.9,677,0.0,0.771,0.0,0.0,0.0016,-0.0019,-0.00355,-0.0064,-0.0092,-0.0164,,,,
S2B_MSIL2A_20250719T183919_R070_T10SGH_20250719T223322,2025-07-19,2B,10SGH,3.2,674,0.0,0.96,0.0,0.0,-0.0008,0.0006,-0.0032,-0.0048,-0.0066,-0.0083,,,,
S2C_MSIL2A_20250724T183941_R070_T11SKC_20250725T000814,2025-07-24,2C,11SKC,8.7,677,0.0,0.972,0.0,0.0,-0.0175,-0.0181,-0.0166,-0.0143,-0.0165,-0.0184,,,,
S2A_MSIL2A_20250726T184831_R070_T10SGH_20250727T003916,2025-07-26,2A,10SGH,26.3,674,0.0,0.991,0.0,0.0,-0.0138,-0.01705,-0.0157,-0.015,-0.0168,-0.0213,,,,
S2B_MSIL2A_20250729T183919_R070_T10SGH_20250729T224016,2025-07-29,2B,10SGH,3.1,674,0.0,0.997,0.0,0.0,-0.0126,-0.0089,-0.0117,-0.012,-0.0135,-0.0146,,,,
S2C_MSIL2A_20250803T183941_R070_T11SKC_20250803T234505,2025-08-03,2C,11SKC,0.0,677,0.0,0.99,0.0,0.0,-0.0145,-0.0151,-0.0137,-0.01265,-0.0145,-0.0141,,,,
S2B_MSIL2A_20250808T183919_R070_T10SGH_20250808T223716,2025-08-08,2B,10SGH,0.0,674,0.0,0.996,0.0,0.0,-0.0116,-0.0072,-0.0094,-0.0097,-0.0105,-0.0111,,,,
S2C_MSIL2A_20250813T183941_R070_T10SGH_20250813T234116,2025-08-13,2C,10SGH,0.5,674,0.0,0.997,0.0,0.0,-0.0045,-0.0052,-0.0045,-0.0054,-0.007,-0.0066,,,,
S2A_MSIL2A_20250815T184831_R070_T10SGH_20250815T214915,2025-08-15,2A,10SGH,0.2,674,0.0,0.994,0.0,0.0,-0.0011,-0.00355,-0.0027,-0.0038,-0.0045,-0.0056,,,,
S2B_MSIL2A_20250818T183919_R070_T10SGH_20250818T222742,2025-08-18,2B,10SGH,0.0,674,0.0,0.999,0.0,0.0,-0.0105,-0.0059,-0.0083,-0.0093,-0.0103,-0.0104,,,,
S2C_MSIL2A_20250823T183941_R070_T10SGH_20250824T000120,2025-08-23,2C,10SGH,34.9,674,0.0,0.383,0.0,0.28,,,,,,,,,,
S2B_MSIL2A_20250828T183919_R070_T10SGH_20250829T062027,2025-08-28,2B,10SGH,0.0,674,0.0,0.999,0.0,0.0,-0.0215,-0.0154,-0.018,-0.018,-0.0197,-0.0217,,,,
S2C_MSIL2A_20250902T183941_R070_T10SGH_20250902T232813,2025-09-02,2C,10SGH,36.2,674,0.0,0.979,0.0,0.0,0.0407,0.0344,0.028,0.0174,0.0155,0.00745,-0.0578,209.0,4.0,#95a1aa
S2A_MSIL2A_20250904T184831_R070_T10SGH_20250904T220018,2025-09-04,2A,10SGH,4.3,674,0.0,0.999,0.0,0.0,-0.0053,-0.0067,-0.0063,-0.008,-0.0097,-0.0122,,,,
S2B_MSIL2A_20250907T183919_R070_T11SKC_20250907T224208,2025-09-07,2B,11SKC,0.1,677,0.0,0.999,0.0,0.0,-0.0124,-0.0076,-0.0108,-0.0124,-0.0139,-0.0161,,,,
S2C_MSIL2A_20250912T184001_R070_T10SGH_20250913T004015,2025-09-12,2C,10SGH,29.6,674,0.0,0.269,0.0,0.688,,,,,,,,,,
S2B_MSIL2A_20250917T183919_R070_T10SGH_20250917T234521,2025-09-17,2B,10SGH,0.2,674,0.0,0.999,0.0,0.0,0.0013,0.0053,0.0009,-0.0034,-0.0046,-0.0061,,,,
S2C_MSIL2A_20250922T184121_R070_T10SGH_20250922T232800,2025-09-22,2C,10SGH,0.0,674,0.0,0.997,0.0,0.0,-0.0133,-0.011,-0.0088,-0.0091,-0.0099,-0.0085,,,,
S2A_MSIL2A_20250924T184831_R070_T11SKC_20250924T220613,2025-09-24,2A,11SKC,22.6,677,0.0,0.049,0.0,0.925,,,,,,,,,,
S2B_MSIL2A_20250927T184039_R070_T10SGH_20250927T234438,2025-09-27,2B,10SGH,3.2,674,0.0,1.0,0.0,0.0,-0.01435,-0.0073,-0.0095,-0.0108,-0.0111,-0.011,,,,
S2A_MSIL2A_20251004T184831_R070_T10SGH_20251004T215716,2025-10-04,2A,10SGH,1.5,674,0.0,1.0,0.0,0.0,-0.0088,-0.0075,-0.0054,-0.0064,-0.0072,-0.0066,,,,
S2B_MSIL2A_20251007T184149_R070_T10SGH_20251007T233707,2025-10-07,2B,10SGH,0.0,674,0.0,1.0,0.0,0.0,-0.0084,-0.0013,-0.0032,-0.0056,-0.0062,-0.0049,,,,
S2C_MSIL2A_20251012T184341_R070_T11SKC_20251012T220220,2025-10-12,2C,11SKC,0.0,677,0.0,0.997,0.0,0.0,-0.0102,-0.0071,-0.0042,-0.0049,-0.0056,-0.0032,,,,
S2B_MSIL2A_20251017T184259_R070_T11SKC_20251017T223002,2025-10-17,2B,11SKC,0.5,677,0.0,1.0,0.0,0.0,-0.0306,-0.0179,-0.0159,-0.015,-0.0169,-0.0115,,,,
S2A_MSIL2A_20251024T184831_R070_T11SKC_20251024T214521,2025-10-24,2A,11SKC,18.1,677,0.0,1.0,0.0,0.0,-0.0077,-0.0054,-0.003,-0.0046,-0.0055,-0.0039,,,,
S2B_MSIL2A_20251027T184359_R070_T11SKC_20251027T223153,2025-10-27,2B,11SKC,0.0,677,0.0,1.0,0.0,0.0,-0.0078,0.0,-0.0019,-0.0045,-0.005,-0.0037,,,,
S2C_MSIL2A_20251101T184541_R070_T11SKC_20251101T212412,2025-11-01,2C,11SKC,0.0,677,0.0,1.0,0.0,0.0,-0.0101,-0.007,-0.0036,-0.0051,-0.0058,-0.0042,,,,
S2B_MSIL2A_20251106T184459_R070_T11SKC_20251106T222434,2025-11-06,2B,11SKC,1.7,677,0.0,1.0,0.0,0.0,-0.012,-0.0031,-0.0051,-0.007,-0.0086,-0.0065,,,,
S2C_MSIL2A_20251111T184631_R070_T11SKC_20251111T213312,2025-11-11,2C,11SKC,38.7,677,0.0,0.421,0.0,0.352,,,,,,,,,,
S2C_MSIL2A_20251121T184711_R070_T10SGH_20251121T212709,2025-11-21,2C,10SGH,30.6,674,0.0,0.996,0.0,0.003,-0.0391,-0.0267,-0.0159,-0.0111,-0.0113,-0.0047,,,,
S2B_MSIL2A_20251126T184619_R070_T11SKC_20251126T215900,2025-11-26,2B,11SKC,0.5,677,0.0,1.0,0.0,0.0,-0.0249,-0.0109,-0.01,-0.0088,-0.011,-0.0063,,,,
S2B_MSIL2A_20260306T184139_R070_T11SKC_20260307T000311,2026-03-06,2B,11SKC,0.0,677,0.0,0.812,0.188,0.0,0.1341,0.1479,0.1531,0.1525,0.1483,0.1049,-0.014,55.64,14.0,#ad9d89
S2C_MSIL2A_20260311T184201_R070_T10SGH_20260311T232310,2026-03-11,2C,10SGH,0.0,674,0.0,0.972,0.028,0.0,-0.0514,-0.0414,-0.0292,-0.0213,-0.0213,-0.013,,,,
S2B_MSIL2A_20260316T185059_R070_T11SKC_20260316T223455,2026-03-16,2B,11SKC,2.4,677,0.0,1.0,0.0,0.0,-0.0496,-0.0382,-0.0334,-0.0277,-0.0283,-0.0219,,,,
S2C_MSIL2A_20260321T184051_R070_T11SKC_20260322T005116,2026-03-21,2C,11SKC,58.1,677,0.0,0.0,0.0,1.0,,,,,,,,,,
S2B_MSIL2A_20260326T183919_R070_T11SKC_20260326T235923,2026-03-26,2B,11SKC,15.0,677,0.0,0.715,0.0,0.0,-0.02,-0.0047,-0.00365,0.00015,0.00045,0.01055,0.5,,,
S2B_MSIL2A_20260405T183919_R070_T11SKC_20260405T235650,2026-04-05,2B,11SKC,1.2,677,0.0,1.0,0.0,0.0,-0.015,-0.0106,-0.0124,-0.0123,-0.0139,-0.0134,,,,
S2B_MSIL2A_20260415T183919_R070_T10SGH_20260415T224151,2026-04-15,2B,10SGH,31.3,674,0.0,0.0,1.0,0.0,,,,,,,,,,
S2C_MSIL2A_20260420T183921_R070_T10SGH_20260421T000409,2026-04-20,2C,10SGH,17.6,674,0.0,1.0,0.0,0.0,-0.0049,-0.00555,-0.004,-0.0035,-0.0042,-0.0028,,,,
S2C_MSIL2A_20260430T183921_R070_T10SGH_20260430T235212,2026-04-30,2C,10SGH,1.1,674,0.0,1.0,0.0,0.0,-0.0145,-0.0147,-0.0118,-0.0101,-0.0107,-0.0085,,,,
S2C_MSIL2A_20260510T183921_R070_T11SKC_20260511T003312,2026-05-10,2C,11SKC,0.0,677,0.0,0.997,0.0,0.0,-0.0089,-0.0109,-0.0095,-0.0084,-0.0095,-0.0087,,,,
S2B_MSIL2A_20260515T183919_R070_T11SKC_20260515T223128,2026-05-15,2B,11SKC,0.5,677,0.0,0.628,0.0,0.346,0.0061,0.00765,0.00635,0.006,0.0061,0.0068,0.0083,122.32,7.0,#a4a090
S2A_MSIL2A_20260522T184831_R070_T10SGH_20260523T023713,2026-05-22,2A,10SGH,14.1,674,0.0,0.958,0.0,0.0,0.0047,0.001,0.0023,0.0023,0.0018,0.0,-0.122,,,#c290bc
S2B_MSIL2A_20260525T183919_R070_T10SGH_20260525T223217,2026-05-25,2B,10SGH,11.4,674,0.0,0.958,0.0,0.0,0.0106,0.012,0.0076,0.0061,0.00515,0.0039,-0.0844,199.32,4.0,#92a3a7
S2C_MSIL2A_20260530T183921_R070_T11SKC_20260530T232508,2026-05-30,2C,11SKC,10.0,677,0.0,0.787,0.0,0.136,-0.0051,-0.0078,-0.0061,-0.0034,-0.0051,-0.0058,,,,
S2C_MSIL2A_20260609T183921_R070_T11SKC_20260609T232110,2026-06-09,2C,11SKC,0.6,677,0.0,0.963,0.0,0.0,-0.0017,-0.0031,-0.0017,0.0005,-0.0006,-0.0002,,,,
S2A_MSIL2A_20260611T184831_R070_T11SKC_20260612T023012,2026-06-11,2A,11SKC,0.0,677,0.0,0.982,0.0,0.0,0.0029,-0.0011,0.0005,0.001,0.00015,-0.00125,-0.7391,,,
S2B_MSIL2A_20260614T183919_R070_T10SGH_20260614T224241,2026-06-14,2B,10SGH,0.8,674,0.0,0.954,0.0,0.0,0.0076,0.0101,0.0068,0.0056,0.0045,0.0026,-0.1089,175.53,5.0,#95a39b
S2C_MSIL2A_20260619T183921_R070_T10SGH_20260619T233627,2026-06-19,2C,10SGH,9.7,674,0.0,0.89,0.0,0.0,0.0001,-0.0018,-0.0009,0.0003,-0.002,-0.0046,,,,
S2B_MSIL2A_20260624T183919_R070_T10SGH_20260624T222850,2026-06-24,2B,10SGH,0.0,674,0.0,0.993,0.0,0.0,-0.0058,-0.0039,-0.0066,-0.0067,-0.0075,-0.0085,,,,
S2C_MSIL2A_20260629T183921_R070_T10SGH_20260629T233012,2026-06-29,2C,10SGH,21.0,674,0.0,0.944,0.0,0.0,0.0041,0.0006,0.0005,0.00095,-0.0005,-0.0021,-3.2222,,,#a663ff
S2A_MSIL2A_20260701T184831_R070_T11SKC_20260702T023007,2026-07-01,2A,11SKC,2.0,677,0.0,0.963,0.0,0.0,-0.0149,-0.0156,-0.0136,-0.0107,-0.01255,-0.0153,,,,
S2B_MSIL2A_20260704T183919_R070_T11SKC_20260704T222709,2026-07-04,2B,11SKC,3.0,677,0.0,0.984,0.0,0.0,-0.0088,-0.0059,-0.0095,-0.0087,-0.01065,-0.0127,,,,
S2C_MSIL2A_20260709T183921_R070_T11SKC_20260709T232952,2026-07-09,2C,11SKC,0.0,677,0.0,0.978,0.0,0.0,-0.0088,-0.0098,-0.0082,-0.0066,-0.0079,-0.0083,,,,
S2B_MSIL2A_20260714T183919_R070_T10SGH_20260714T223147,2026-07-14,2B,10SGH,28.1,674,0.0,0.277,0.0,0.7,,,,,,,,,,
S2C_MSIL2A_20260719T183921_R070_T10SGH_20260719T233121,2026-07-19,2C,10SGH,15.2,674,0.0,0.97,0.0,0.0,0.0018,-0.0015,-0.0019,-0.0032,-0.0043,-0.0065,,,,
S2B_MSIL2A_20260724T183919_R070_T11SKC_20260724T223143,2026-07-24,2B,11SKC,0.1,677,0.0,0.997,0.0,0.0,-0.0056,-0.0038,-0.0063,-0.0071,-0.0076,-0.0082,,,,
S2C_MSIL2A_20260729T183921_R070_T10SGH_20260729T233215,2026-07-29,2C,10SGH,0.0,674,0.0,0.988,0.0,0.0,-0.0086,-0.0091,-0.0078,-0.0077,-0.0089,-0.0085,,,,
S2B_MSIL2A_20260803T183919_R070_T10SGH_20260803T222619,2026-08-03,2B,10SGH,0.0,674,0.0,0.997,0.0,0.0,-0.0086,-0.0047,-0.0072,-0.0082,-0.009,-0.0089,,,,
S2C_MSIL2A_20260808T183921_R070_T10SGH_20260808T233201,2026-08-08,2C,10SGH,11.4,674,0.0,0.93,0.0,0.0,-0.0051,-0.0064,-0.0059,-0.0064,-0.00755,-0.0095,,,,
S2A_MSIL2A_20260810T184831_R070_T11SKC_20260811T043612,2026-08-10,2A,11SKC,16.8,677,0.0,0.0,0.0,1.0,,,,,,,,,,
S2B_MSIL2A_20260813T183919_R070_T10SGH_20260813T223243,2026-08-13,2B,10SGH,47.1,674,0.0,0.608,0.0,0.27,-0.0071,0.0009,-0.0034,-0.0028,-0.0014,-0.0042,,,,
S2C_MSIL2A_20260818T183921_R070_T11SKC_20260818T234111,2026-08-18,2C,11SKC,2.9,677,0.0,0.99,0.0,0.0,-0.0133,-0.0134,-0.0118,-0.0113,-0.0125,-0.012,,,,
S2B_MSIL2A_20260823T183919_R070_T11SKC_20260823T222646,2026-08-23,2B,11SKC,13.9,677,0.0,0.684,0.0,0.0,0.0419,0.0546,0.0519,0.0522,0.0594,0.079,0.0645,64.96,12.0,#ab9f86
S2A_MSIL2A_20260830T184831_R070_T10SGH_20260831T044811,2026-08-30,2A,10SGH,0.0,674,0.0,0.996,0.0,0.0,-0.0136,-0.0135,-0.0116,-0.0116,-0.013,-0.0141,,,,
S2B_MSIL2A_20260902T183919_R070_T10SGH_20260902T235237,2026-09-02,2B,10SGH,17.1,674,0.0,0.996,0.0,0.0,-0.0156,-0.0101,-0.0124,-0.0126,-0.0142,-0.0145,,,,
S2C_MSIL2A_20260907T183921_R070_T10SGH_20260907T232614,2026-09-07,2C,10SGH,0.0,674,0.0,1.0,0.0,0.0,-0.012,-0.0107,-0.0088,-0.0086,-0.0096,-0.0082,,,,
S2B_MSIL2A_20260912T183919_R070_T10SGH_20260912T235112,2026-09-12,2B,10SGH,1.2,674,0.0,1.0,0.0,0.0,-0.0107,-0.0052,-0.0072,-0.0083,-0.009,-0.0081,,,,
S2C_MSIL2A_20260917T184021_R070_T11SKC_20260917T233814,2026-09-17,2C,11SKC,13.0,677,0.0,0.496,0.0,0.504,,,,,,,,,,
S2A_MSIL2A_20260919T184831_R070_T10SGH_20260920T023113,2026-09-19,2A,10SGH,0.0,674,0.0,1.0,0.0,0.0,-0.0056,-0.006,-0.0049,-0.0064,-0.0072,-0.008,,,,
S2B_MSIL2A_20260922T184009_R070_T10SGH_20260923T000345,2026-09-22,2B,10SGH,6.1,674,0.0,0.999,0.0,0.0,-0.0105,-0.0043,-0.0073,-0.0089,-0.0102,-0.0101,,,,
