id,date,platform,cloud_cover,n_mask,f_nodata,f_valid,f_snow,lswt_c,lswt_iqr
LC08_L2SP_045030_20170402_02_T1,2017-04-02,landsat-8,2.6,14143,0.0,0.999,0.001,2.98,0.1
LC08_L2SP_045030_20170418_02_T1,2017-04-18,landsat-8,52.7,14143,0.0,0.0,0.0,,
LC08_L2SP_045030_20170504_02_T1,2017-05-04,landsat-8,6.9,14143,0.0,0.845,0.001,9.87,1.4
LC08_L2SP_045030_20170520_02_T1,2017-05-20,landsat-8,2.2,14143,0.0,0.94,0.0,7.54,0.88
LC08_L2SP_045030_20170605_02_T1,2017-06-05,landsat-8,1.2,14143,0.0,1.0,0.0,13.88,0.99
LC08_L2SP_045030_20170621_02_T1,2017-06-21,landsat-8,2.9,14143,0.0,1.0,0.0,17.06,1.51
LC08_L2SP_045030_20170707_02_T1,2017-07-07,landsat-8,0.6,14143,0.0,1.0,0.0,19.98,0.66
LC08_L2SP_045030_20170723_02_T1,2017-07-23,landsat-8,32.3,14143,0.0,0.0,0.0,,
LC08_L2SP_045030_20170808_02_T1,2017-08-08,landsat-8,1.8,14143,0.0,1.0,0.0,22.73,0.51
LC08_L2SP_045030_20170824_02_T1,2017-08-24,landsat-8,15.4,14143,0.0,1.0,0.0,19.92,0.41
LC08_L2SP_045030_20170909_02_T1,2017-09-09,landsat-8,11.2,14143,0.0,1.0,0.0,19.25,0.45
LC08_L2SP_045030_20171027_02_T1,2017-10-27,landsat-8,4.4,14143,0.0,1.0,0.0,9.3,0.2
LC08_L2SP_045030_20180421_02_T1,2018-04-21,landsat-8,10.6,14143,0.0,0.983,0.0,4.49,0.27
LC08_L2SP_045030_20180507_02_T1,2018-05-07,landsat-8,8.7,14143,0.0,0.922,0.0,10.21,2.31
LC08_L2SP_045030_20180523_02_T1,2018-05-23,landsat-8,44.9,14143,0.0,0.011,0.0,,
LC08_L2SP_045030_20180608_02_T1,2018-06-08,landsat-8,25.3,14143,0.0,0.0,0.0,,
LC08_L2SP_045030_20180624_02_T1,2018-06-24,landsat-8,0.0,14143,0.0,1.0,0.0,16.59,0.89
LC08_L2SP_045030_20180710_02_T1,2018-07-10,landsat-8,1.2,14143,0.0,1.0,0.0,17.39,0.65
LC08_L2SP_045030_20180726_02_T1,2018-07-26,landsat-8,0.7,14143,0.0,1.0,0.0,22.11,1.13
LC08_L2SP_045030_20180811_02_T1,2018-08-11,landsat-8,5.0,14143,0.0,1.0,0.0,20.32,0.98
LC08_L2SP_045030_20180827_02_T1,2018-08-27,landsat-8,31.5,14143,0.0,0.094,0.0,,
LC08_L2SP_045030_20180912_02_T1,2018-09-12,landsat-8,45.7,14143,0.0,0.175,0.001,,
LC08_L2SP_045030_20180928_02_T1,2018-09-28,landsat-8,15.1,14143,0.0,0.403,0.0,,
LC08_L2SP_045030_20181014_02_T1,2018-10-14,landsat-8,0.0,14143,0.0,1.0,0.0,11.23,0.21
LC08_L2SP_045030_20181030_02_T1,2018-10-30,landsat-8,7.3,14143,0.0,0.83,0.0,9.4,0.3
LC08_L2SP_045030_20181115_02_T1,2018-11-15,landsat-8,8.1,14143,0.0,0.985,0.0,7.77,0.31
LC08_L2SP_045030_20190424_02_T1,2019-04-24,landsat-8,7.0,14143,0.0,0.977,0.0,5.62,0.95
LC08_L2SP_045030_20190510_02_T1,2019-05-10,landsat-8,1.4,14143,0.0,0.976,0.0,12.64,1.42
LC08_L2SP_045030_20190611_02_T1,2019-06-11,landsat-8,0.5,14143,0.0,1.0,0.0,15.07,0.84
LC08_L2SP_045030_20190627_02_T1,2019-06-27,landsat-8,62.4,14143,0.0,0.497,0.0,,
LC08_L2SP_045030_20190713_02_T1,2019-07-13,landsat-8,18.8,14143,0.0,1.0,0.0,17.92,0.75
LC08_L2SP_045030_20190729_02_T1,2019-07-29,landsat-8,0.1,14143,0.0,1.0,0.0,20.46,0.84
LC08_L2SP_045030_20190814_02_T1,2019-08-14,landsat-8,0.0,14143,0.0,1.0,0.0,21.17,0.73
LC08_L2SP_045030_20190830_02_T1,2019-08-30,landsat-8,4.4,14143,0.0,1.0,0.0,20.05,0.29
LC08_L2SP_045030_20190915_02_T1,2019-09-15,landsat-8,44.7,14143,0.0,0.069,0.01,,
LC08_L2SP_045030_20191001_02_T1,2019-10-01,landsat-8,37.1,14143,0.0,0.08,0.0,,
LC08_L2SP_045030_20191102_02_T1,2019-11-02,landsat-8,0.0,14143,0.0,1.0,0.0,8.06,0.12
LC08_L2SP_045030_20191118_02_T1,2019-11-18,landsat-8,57.8,14143,0.0,0.0,0.0,,
LC08_L2SP_045030_20200410_02_T1,2020-04-10,landsat-8,1.8,14143,0.0,0.965,0.0,4.57,0.37
LC08_L2SP_045030_20200426_02_T1,2020-04-26,landsat-8,0.9,14143,0.0,0.987,0.0,7.23,1.1
LC08_L2SP_045030_20200528_02_T1,2020-05-28,landsat-8,2.9,14143,0.0,0.994,0.0,15.3,0.96
LC08_L2SP_045030_20200629_02_T1,2020-06-29,landsat-8,52.1,14143,0.0,0.327,0.0,,
LC08_L2SP_045030_20200715_02_T1,2020-07-15,landsat-8,0.0,14143,0.0,1.0,0.0,20.72,0.58
LC08_L2SP_045030_20200731_02_T1,2020-07-31,landsat-8,0.0,14143,0.0,1.0,0.0,21.6,1.25
LC08_L2SP_045030_20200901_02_T1,2020-09-01,landsat-8,0.0,14143,0.0,1.0,0.0,20.03,0.42
LC08_L2SP_045030_20200917_02_T1,2020-09-17,landsat-8,8.2,14143,0.0,0.853,0.0,17.08,0.2
LC08_L2SP_045030_20201003_02_T1,2020-10-03,landsat-8,0.1,14143,0.0,0.99,0.0,16.38,0.63
LC08_L2SP_045030_20201019_02_T1,2020-10-19,landsat-8,10.2,14143,0.0,0.946,0.0,10.07,1.4
LC08_L2SP_045030_20201120_02_T1,2020-11-20,landsat-8,0.9,14143,0.0,0.978,0.0,5.83,0.39
LC08_L2SP_045030_20210413_02_T1,2021-04-13,landsat-8,12.4,14143,0.0,0.0,0.0,,
LC08_L2SP_045030_20210429_02_T1,2021-04-29,landsat-8,4.0,14143,0.0,0.009,0.0,,
LC08_L2SP_045030_20210515_02_T1,2021-05-15,landsat-8,4.2,14143,0.0,0.599,0.0,10.63,1.11
LC08_L2SP_045030_20210531_02_T1,2021-05-31,landsat-8,1.1,14143,0.0,1.0,0.0,15.0,0.92
LC08_L2SP_045030_20210616_02_T1,2021-06-16,landsat-8,0.1,14143,0.0,1.0,0.0,13.24,0.52
LC08_L2SP_045030_20210702_02_T1,2021-07-02,landsat-8,0.1,14143,0.0,1.0,0.0,20.75,0.76
LC08_L2SP_045030_20210718_02_T1,2021-07-18,landsat-8,2.3,14143,0.0,1.0,0.0,21.4,0.57
LC08_L2SP_045030_20210803_02_T1,2021-08-03,landsat-8,10.2,14143,0.0,0.997,0.0,21.61,0.49
LC08_L2SP_045030_20210819_02_T1,2021-08-19,landsat-8,9.4,14143,0.0,0.84,0.0,19.37,0.35
LC08_L2SP_045030_20210904_02_T1,2021-09-04,landsat-8,8.8,14143,0.0,0.941,0.0,18.38,0.67
LC08_L2SP_045030_20210920_02_T1,2021-09-20,landsat-8,0.0,14143,0.0,1.0,0.0,15.09,0.25
LC08_L2SP_045030_20211006_02_T1,2021-10-06,landsat-8,22.9,14143,0.0,0.95,0.0,12.95,0.37
LC08_L2SP_045030_20211107_02_T1,2021-11-07,landsat-8,40.8,14143,0.0,0.0,0.0,,
LC08_L2SP_045030_20211123_02_T1,2021-11-23,landsat-8,64.2,14143,0.0,0.0,0.0,,
LC09_L2SP_045030_20220408_02_T1,2022-04-08,landsat-9,55.5,14143,0.0,0.0,0.002,,
LC09_L2SP_045030_20220424_02_T1,2022-04-24,landsat-9,0.3,14143,0.0,0.973,0.0,5.36,0.55
LC08_L2SP_045030_20220502_02_T1,2022-05-02,landsat-8,69.9,14143,0.0,0.0,0.0,,
LC09_L2SP_045030_20220627_02_T1,2022-06-27,landsat-9,0.3,14143,0.0,1.0,0.0,16.66,0.79
LC09_L2SP_045030_20220713_02_T1,2022-07-13,landsat-9,7.0,14143,0.0,1.0,0.0,17.64,0.94
LC08_L2SP_045030_20220721_02_T1,2022-07-21,landsat-8,0.0,14143,0.0,1.0,0.0,20.26,0.56
LC09_L2SP_045030_20220729_02_T1,2022-07-29,landsat-9,2.0,14143,0.0,1.0,0.0,22.55,0.7
LC08_L2SP_045030_20220806_02_T1,2022-08-06,landsat-8,5.2,14143,0.0,1.0,0.0,20.72,0.45
LC09_L2SP_045030_20220814_02_T1,2022-08-14,landsat-9,0.1,14143,0.0,1.0,0.0,20.98,0.28
LC09_L2SP_045030_20220830_02_T1,2022-08-30,landsat-9,2.5,14143,0.0,1.0,0.0,20.57,0.41
LC08_L2SP_045030_20220907_02_T1,2022-09-07,landsat-8,62.0,14143,0.0,0.0,0.0,,
LC09_L2SP_045030_20220915_02_T1,2022-09-15,landsat-9,22.0,14143,0.0,0.744,0.0,17.74,0.19
LC09_L2SP_045030_20221001_02_T1,2022-10-01,landsat-9,0.0,14143,0.0,1.0,0.0,15.24,0.21
LC09_L2SP_045030_20221017_02_T1,2022-10-17,landsat-9,1.9,14143,0.0,1.0,0.0,14.16,0.31
LC08_L2SP_045030_20221025_02_T1,2022-10-25,landsat-8,31.0,14143,0.0,0.0,0.0,,
LC08_L2SP_045030_20221110_02_T1,2022-11-10,landsat-8,21.5,14143,0.0,1.0,0.0,6.85,0.45
LC09_L2SP_045030_20221118_02_T1,2022-11-18,landsat-9,31.3,14143,0.0,0.368,0.0,,
LC08_L2SP_045030_20221126_02_T1,2022-11-26,landsat-8,8.0,14143,0.0,1.0,0.0,5.09,0.19
LC09_L2SP_045030_20230427_02_T1,2023-04-27,landsat-9,0.9,14143,0.0,0.922,0.078,2.8,0.83
LC09_L2SP_045030_20230513_02_T1,2023-05-13,landsat-9,1.2,14143,0.0,0.914,0.0,7.5,0.8
LC09_L2SP_045030_20230529_02_T1,2023-05-29,landsat-9,11.9,14143,0.0,1.0,0.0,11.95,1.91
LC08_L2SP_045030_20230606_02_T1,2023-06-06,landsat-8,13.8,14143,0.0,1.0,0.0,14.48,0.57
LC08_L2SP_045030_20230622_02_T1,2023-06-22,landsat-8,9.1,14143,0.0,1.0,0.0,14.16,0.27
LC09_L2SP_045030_20230630_02_T1,2023-06-30,landsat-9,0.2,14143,0.0,1.0,0.0,18.45,0.94
LC08_L2SP_045030_20230708_02_T1,2023-07-08,landsat-8,3.8,14143,0.0,1.0,0.0,18.33,0.7
LC09_L2SP_045030_20230716_02_T1,2023-07-16,landsat-9,1.1,14143,0.0,1.0,0.0,19.94,0.88
LC08_L2SP_045030_20230724_02_T1,2023-07-24,landsat-8,6.8,14143,0.0,0.768,0.0,17.94,1.61
LC09_L2SP_045030_20230801_02_T1,2023-08-01,landsat-9,0.5,14143,0.0,1.0,0.0,20.11,0.59
LC08_L2SP_045030_20230809_02_T1,2023-08-09,landsat-8,1.8,14143,0.0,1.0,0.0,19.54,0.3
LC08_L2SP_045030_20230825_02_T1,2023-08-25,landsat-8,6.9,14143,0.0,0.977,0.0,20.28,0.4
LC09_L2SP_045030_20230902_02_T1,2023-09-02,landsat-9,51.5,14143,0.0,0.0,0.0,,
LC08_L2SP_045030_20230910_02_T1,2023-09-10,landsat-8,1.1,14143,0.0,0.832,0.0,16.29,0.99
LC09_L2SP_045030_20231004_02_T1,2023-10-04,landsat-9,2.6,14143,0.0,1.0,0.0,14.48,0.27
LC08_L2SP_045030_20231012_02_T1,2023-10-12,landsat-8,29.1,14143,0.0,0.153,0.0,,
LC09_L2SP_045030_20231020_02_T1,2023-10-20,landsat-9,49.2,14143,0.0,0.015,0.005,,
LC08_L2SP_045030_20231028_02_T1,2023-10-28,landsat-8,0.1,14143,0.0,1.0,0.0,9.25,0.46
LC09_L2SP_045030_20231121_02_T1,2023-11-21,landsat-9,6.5,14143,0.0,1.0,0.0,6.73,0.42
LC08_L2SP_045030_20240405_02_T1,2024-04-05,landsat-8,55.7,14143,0.0,0.021,0.001,,
LC08_L2SP_045030_20240421_02_T1,2024-04-21,landsat-8,29.3,14143,0.0,1.0,0.0,4.02,0.77
LC08_L2SP_045030_20240507_02_T1,2024-05-07,landsat-8,48.9,14143,0.0,0.083,0.0,,
LC09_L2SP_045030_20240515_02_T1,2024-05-15,landsat-9,1.9,14143,0.0,1.0,0.0,8.83,2.29
LC08_L2SP_045030_20240523_02_T1,2024-05-23,landsat-8,5.7,14143,0.0,1.0,0.0,9.27,0.57
LC09_L2SP_045030_20240531_02_T1,2024-05-31,landsat-9,1.4,14143,0.0,1.0,0.0,11.04,1.23
LC08_L2SP_045030_20240608_02_T1,2024-06-08,landsat-8,47.0,14143,0.0,0.0,0.0,,
LC08_L2SP_045030_20240624_02_T1,2024-06-24,landsat-8,0.2,14143,0.0,1.0,0.0,16.03,0.92
LC09_L2SP_045030_20240702_02_T1,2024-07-02,landsat-9,0.1,14143,0.0,1.0,0.0,16.29,0.69
LC08_L2SP_045030_20240710_02_T1,2024-07-10,landsat-8,0.1,14143,0.0,1.0,0.0,20.23,1.16
LC09_L2SP_045030_20240718_02_T1,2024-07-18,landsat-9,0.0,14143,0.0,1.0,0.0,21.19,0.5
LC08_L2SP_045030_20240726_02_T1,2024-07-26,landsat-8,3.3,14143,0.0,1.0,0.0,20.25,0.26
LC08_L2SP_045030_20240811_02_T1,2024-08-11,landsat-8,1.2,14143,0.0,1.0,0.0,21.21,0.92
LC09_L2SP_045030_20240819_02_T1,2024-08-19,landsat-9,20.7,14143,0.0,0.004,0.001,,
LC09_L2SP_045030_20240904_02_T1,2024-09-04,landsat-9,0.0,14143,0.0,1.0,0.0,18.05,0.49
LC09_L2SP_045030_20240920_02_T1,2024-09-20,landsat-9,0.0,14143,0.0,1.0,0.0,15.3,0.22
LC08_L2SP_045030_20240928_02_T1,2024-09-28,landsat-8,0.4,14143,0.0,1.0,0.0,16.94,0.38
LC09_L2SP_045030_20241006_02_T1,2024-10-06,landsat-9,0.0,14143,0.0,1.0,0.0,14.98,0.44
LC08_L2SP_045030_20241014_02_T1,2024-10-14,landsat-8,0.1,14143,0.0,1.0,0.0,14.65,0.23
LC08_L2SP_045030_20241030_02_T1,2024-10-30,landsat-8,62.1,14143,0.0,0.0,0.0,,
LC09_L2SP_045030_20241107_02_T1,2024-11-07,landsat-9,0.1,14143,0.0,0.985,0.0,8.29,0.21
LC08_L2SP_045030_20241115_02_T1,2024-11-15,landsat-8,47.8,14143,0.0,0.165,0.02,,
LC09_L2SP_045030_20250416_02_T1,2025-04-16,landsat-9,2.1,14143,0.0,0.856,0.0,4.6,0.41
LC08_L2SP_045030_20250424_02_T1,2025-04-24,landsat-8,37.7,14143,0.0,0.705,0.0,1.36,0.68
LC09_L2SP_045030_20250502_02_T1,2025-05-02,landsat-9,4.0,14143,0.0,0.848,0.0,7.62,0.53
LC08_L2SP_045030_20250510_02_T1,2025-05-10,landsat-8,11.6,14143,0.0,0.981,0.0,9.14,0.51
LC08_L2SP_045030_20250526_02_T1,2025-05-26,landsat-8,38.2,14143,0.0,0.075,0.0,,
LC09_L2SP_045030_20250603_02_T1,2025-06-03,landsat-9,0.9,14143,0.0,1.0,0.0,12.8,0.96
LC08_L2SP_045030_20250611_02_T1,2025-06-11,landsat-8,1.9,14143,0.0,1.0,0.0,16.13,1.1
LC09_L2SP_045030_20250619_02_T1,2025-06-19,landsat-9,9.2,14143,0.0,1.0,0.0,16.65,0.64
LC08_L2SP_045030_20250627_02_T1,2025-06-27,landsat-8,5.9,14143,0.0,1.0,0.0,13.67,1.38
LC09_L2SP_045030_20250705_02_T1,2025-07-05,landsat-9,3.5,14143,0.0,1.0,0.0,17.83,0.38
LC08_L2SP_045030_20250713_02_T1,2025-07-13,landsat-8,0.0,14143,0.0,1.0,0.0,23.17,0.48
LC09_L2SP_045030_20250721_02_T1,2025-07-21,landsat-9,31.8,14143,0.0,1.0,0.0,19.37,0.65
LC08_L2SP_045030_20250729_02_T1,2025-07-29,landsat-8,2.0,14143,0.0,1.0,0.0,22.0,1.03
LC08_L2SP_045030_20250814_02_T1,2025-08-14,landsat-8,4.6,14143,0.0,1.0,0.0,20.42,0.95
LC09_L2SP_045030_20250822_02_T1,2025-08-22,landsat-9,0.0,14143,0.0,1.0,0.0,19.74,0.45
LC08_L2SP_045030_20250830_02_T1,2025-08-30,landsat-8,17.4,14143,0.0,0.03,0.0,,
LC09_L2SP_045030_20250907_02_T1,2025-09-07,landsat-9,26.3,14143,0.0,0.35,0.0,,
LC08_L2SP_045030_20250915_02_T1,2025-09-15,landsat-8,0.0,14143,0.0,1.0,0.0,17.31,0.25
LC09_L2SP_045030_20250923_02_T1,2025-09-23,landsat-9,0.0,14143,0.0,1.0,0.0,16.85,0.23
LC08_L2SP_045030_20251017_02_T1,2025-10-17,landsat-8,14.4,14143,0.0,0.786,0.0,11.74,0.4
LC08_L2SP_045030_20251102_02_T1,2025-11-02,landsat-8,19.4,14143,0.0,0.889,0.0,9.21,0.24
LC09_L2SP_045030_20251110_02_T1,2025-11-10,landsat-9,5.2,14143,0.0,1.0,0.0,8.18,0.55
LC08_L2SP_045030_20251118_02_T1,2025-11-18,landsat-8,59.5,14143,0.0,0.0,0.0,,
LC09_L2SP_045030_20260403_02_T1,2026-04-03,landsat-9,0.3,14143,0.0,1.0,0.0,5.32,0.44
LC08_L2SP_045030_20260427_02_T1,2026-04-27,landsat-8,69.2,14143,0.0,0.0,0.0,,
LC09_L2SP_045030_20260505_02_T1,2026-05-05,landsat-9,30.5,14143,0.0,0.117,0.0,,
LC08_L2SP_045030_20260513_02_T1,2026-05-13,landsat-8,46.9,14143,0.0,0.014,0.0,,
LC09_L2SP_045030_20260521_02_T1,2026-05-21,landsat-9,0.1,14143,0.0,1.0,0.0,11.74,0.68
LC09_L2SP_045030_20260606_02_T1,2026-06-06,landsat-9,28.0,14143,0.0,0.694,0.0,11.96,0.8
LC08_L2SP_045030_20260614_02_T1,2026-06-14,landsat-8,0.0,14143,0.0,1.0,0.0,14.6,0.52
LC09_L2SP_045030_20260622_02_T1,2026-06-22,landsat-9,0.0,14143,0.0,1.0,0.0,17.04,0.54
LC08_L2SP_045030_20260630_02_T1,2026-06-30,landsat-8,12.0,14143,0.0,0.976,0.0,13.81,0.68
LC09_L2SP_045030_20260708_02_T1,2026-07-08,landsat-9,0.2,14143,0.0,1.0,0.0,17.1,0.99
LC08_L2SP_045030_20260716_02_T1,2026-07-16,landsat-8,6.5,14143,0.0,0.874,0.0,18.0,0.29
LC09_L2SP_045030_20260724_02_T1,2026-07-24,landsat-9,0.2,14143,0.0,0.997,0.0,21.18,1.4
LC08_L2SP_045030_20260801_02_T1,2026-08-01,landsat-8,4.8,14143,0.0,1.0,0.0,19.58,0.56
LC09_L2SP_045030_20260809_02_T1,2026-08-09,landsat-9,0.7,14143,0.0,1.0,0.0,20.63,1.03
LC09_L2SP_045030_20260825_02_T1,2026-08-25,landsat-9,18.1,14143,0.0,0.98,0.0,18.58,1.03
LC09_L2SP_045030_20260910_02_T1,2026-09-10,landsat-9,0.1,14143,0.0,1.0,0.0,17.18,0.3
LC08_L2SP_045030_20260918_02_T1,2026-09-18,landsat-8,5.9,14143,0.0,1.0,0.0,15.81,0.1
LC09_L2SP_045030_20260926_02_T1,2026-09-26,landsat-9,0.3,14143,0.0,1.0,0.0,14.51,0.28
